;Caption;URL;Index
0;Photo pour Japanese pagoda and old house in Kyoto at twilight - image libre de droit;https://images.assetsdelivery.com/thumbnails/torsakarin/torsakarin1507/torsakarin150700324.jpg;396
1;Soaring by Peter Eades;https://images.fineartamerica.com/images/artworkimages/mediumlarge/1/soaring-peter-eades.jpg;7984
2;far cry 4 concept art is the reason why it 39 s a beautiful game vg247. Black Bedroom Furniture Sets. Home Design Ideas;https://assets.vg247.com/current/2014/12/far-cry-4-concept-art-5.jpg;21440
3;San Pedro: One Of Mother Nature's Most Powerful Psychedelics | Ayahuasca  アヤワスカ | Scoop.it;http://img.scoop.it/ttXSVXiLOZzyjJ2rG9AUijl72eJkfbmt4t8yenImKBVvK0kTmF0xjctABnaLJIm9;30627
4;YZV200025S © Stocktrek Images, Inc. 360 panorama of the Milky Way over Lago-Naki plateau, Russia.;https://www.stocktrekimages.com/pix/simg/misc/yzv200025s_p.jpg;31548
5;Grace Kelly Outfits;https://i.pinimg.com/originals/d2/72/f3/d272f3250515ae0ae4317c34afac60b7.jpg;31816
6;Portrait - Anush, by Artur Mkhitaryan;https://armenianart.am/wp-content/uploads/2019/06/portrait-anush-by-artur-mkhitaryan-1t-800x1066.jpg;33458
7;Children Listen To A Shepherd Playing A Flute Poster by J Alsina;https://render.fineartamerica.com/images/rendered/search/poster/images/artworkimages/medium/1/children-listen-to-a-shepherd-playing-a-flute-j-alsina.jpg;34136
8;Poster featuring the photograph Bow Valley Winter View by Adam Jewell;https://render.fineartamerica.com/images/rendered/default/poster/8.000/4.250/break/images/artworkimages/medium/1/bow-valley-winter-view-adam-jewell.jpg;34758
9;Billboard Greeting Card featuring the painting Outside The Vaudeville Theatre by Jean Beraud;https://render.fineartamerica.com/images/rendered/default/greeting-card/images-medium-5/outside-the-vaudeville-theatre-jean-beraud.jpg?&targetx=-17&targety=0&imagewidth=735&imageheight=500&modelwidth=700&modelheight=500&backgroundcolor=BCCCD0&orientation=0;48845
10;Painting of Nature - beauty, gorgeous, entrancing, stunning, green, neat, boat;https://cache.desktopnexus.com/thumbseg/556/556761-bigthumbnail.jpg;49313
11;Geronimo by andy551;http://ih2.redbubble.net/image.13636258.1095/flat,220x200,075,t.jpg;53754
12;View of Beachy Head and Lighthouse from boat;https://cdn.escapismmagazine.com/widget/5810d5205c3e8.jpeg;56535
13;cathedral, dame, notre, interior, canada, basilica, montreal;https://i.artfile.ru/s/1455877_220419_72_ArtFile_ru.jpg;56876
14;Massimo-Dutti-Men-May-2015-Lookbook-03-620x762;http://blog.sight-management.com/wp-content/uploads/2015/05/Massimo-Dutti-Men-May-2015-Lookbook-03-620x762.jpg;72510
15;Queenstown Winter Wedding;https://www.larsson.co.nz/wp-content/uploads/2014/09/wedding-testimonials104.jpg;73711
16;Galia Lahav presents 'GALA BY GALIA LAHAV' - luxury ready-to-wear Bridal collection;https://cdn.bgfashion.net/img15/GaliaLahavHC2015_31.jpg;75719
17;Lone tree Derek Hansen , UK is the photographer. I really like this photo.;https://i.pinimg.com/236x/fb/0d/27/fb0d27cd424bd9669d8b27271354c3e4--isolation-white-photography.jpg;78995
18;Road To Market In Gascony Canvas Print;https://render.fineartamerica.com/images/rendered/search/canvas-print/mirror/break/images-medium/road-to-market-in-gascony-robert-w-cook-canvas-print.jpg;79883
19;Wallpaper Red hair girl and fox sit on ground;https://s1.best-wallpaper.net/wallpaper/m/1805/Red-hair-girl-and-fox-sit-on-ground_m.jpg;80271
20;La fo alton brown los angeles 20170308 q70xcd;https://res.cloudinary.com/sagacity/image/upload/c_crop,h_900,w_899,x_308,y_0/c_limit,dpr_auto,f_auto,fl_lossy,q_80,w_auto/la-fo-alton-brown-los-angeles-20170308_q70xcd.jpg;80598
21;The most beautiful dresses at the prom 2020-2021: collection of gorgeous dresses for graduates;https://en.j-stil.info/wp-content/uploads/2019/08/67b7de1483a3d5c5eed8d8719abb0a33.jpg;82051
22;Emerald Lake, Yoho National Park, British Columbia;https://photos.smugmug.com/NationalParksAndMonuments/Yoho-NP/i-mNQJWJh/0/1d8d62fd/S/IMG_5260-S.jpg;83176
23;Image result for grace kelly color;https://images-wixmp-ed30a86b8c4ca887773594c2.wixmp.com/f/1683518b-9b61-447c-9a18-dac5b1d14390/d6c1z7d-5b63b14a-90e0-4df8-a340-df3b21c2e411.jpg/v1/fill/w_600,h_750,q_75,strp/grace_kelly_by_kraljaleksandar-d6c1z7d.jpg?token=eyJ0eXAiOiJKV1QiLCJhbGciOiJIUzI1NiJ9.eyJpc3MiOiJ1cm46YXBwOjdlMGQxODg5ODIyNjQzNzNhNWYwZDQxNWVhMGQyNmUwIiwic3ViIjoidXJuOmFwcDo3ZTBkMTg4OTgyMjY0MzczYTVmMGQ0MTVlYTBkMjZlMCIsImF1ZCI6WyJ1cm46c2VydmljZTppbWFnZS5vcGVyYXRpb25zIl0sIm9iaiI6W1t7InBhdGgiOiIvZi8xNjgzNTE4Yi05YjYxLTQ0N2MtOWExOC1kYWM1YjFkMTQzOTAvZDZjMXo3ZC01YjYzYjE0YS05MGUwLTRkZjgtYTM0MC1kZjNiMjFjMmU0MTEuanBnIiwid2lkdGgiOiI8PTYwMCIsImhlaWdodCI6Ijw9NzUwIn1dXX0.KTXK97PAvMpkt-_BHniE3r1KdJt-6bi0f9749lH8Qu8;87663
24;Aztec City by 7leipnir on DeviantArt: 7leipnir.deviantart.com/art/Aztec-City-350447727;https://images-wixmp-ed30a86b8c4ca887773594c2.wixmp.com/f/1e7abed1-bf3d-408e-9d79-47cc38a5b66f/d5snb73-eb3e6932-d218-4fbe-8859-dfad870fe9b9.jpg?token=eyJ0eXAiOiJKV1QiLCJhbGciOiJIUzI1NiJ9.eyJpc3MiOiJ1cm46YXBwOjdlMGQxODg5ODIyNjQzNzNhNWYwZDQxNWVhMGQyNmUwIiwic3ViIjoidXJuOmFwcDo3ZTBkMTg4OTgyMjY0MzczYTVmMGQ0MTVlYTBkMjZlMCIsImF1ZCI6WyJ1cm46c2VydmljZTpmaWxlLmRvd25sb2FkIl0sIm9iaiI6W1t7InBhdGgiOiIvZi8xZTdhYmVkMS1iZjNkLTQwOGUtOWQ3OS00N2NjMzhhNWI2NmYvZDVzbmI3My1lYjNlNjkzMi1kMjE4LTRmYmUtODg1OS1kZmFkODcwZmU5YjkuanBnIn1dXX0.pN7jGkjxn1m6R7nqaAQmP9MKa156b9UORjkX3iFYh2I;88592
25;Chris Forsey RI;https://cdn.shopify.com/s/files/1/0271/5706/9904/collections/CF_Collection_300x300.jpg?v=1592344624;88968
26;Beautiful landscape with river flowing through deep sided gorge with vibrant green foliage;https://us.123rf.com/450wm/veneratio/veneratio1708/veneratio170800022/83490532-beautiful-landscape-with-river-flowing-through-deep-sided-gorge-with-vibrant-green-foliage.jpg?ver=6;90507
27;Painting: One day in Tel Aviv;https://artlevin.com/wp-content/uploads/One-Day-in-Tel-Aviv-3-700x460.jpg;97101
28;Moraine lake at sunrise in Banff National Park, Canadian Rockies. Sunrise under turquoise waters of the Moraine lake in Rocky Mountains, Banff National Park royalty free stock images;https://thumbs.dreamstime.com/t/sunrise-under-turquoise-waters-moraine-lake-rocky-mountains-banff-national-park-canada-moraine-lake-sunrise-banff-107573719.jpg;109712
29;How To Increase Your Mind Power With These 7 Techniques;http://www.pickthebrain.com/blog/wp-content/uploads/2015/10/Screen-Shot-2015-10-11-at-10.27.01-PM.png;110833
30;Adorable Oil paintings by Russian Artist Vladimir Volegov;https://2.bp.blogspot.com/-4BdVPNPgI10/UaL371fZ1LI/AAAAAAAABPU/f5rasvkF0NY/s640/vladimir-volegov-l-1.jpeg;113006
31;Horse And Cart Painting - Old St. Louis 11th And Olive by Don  Langeneckert;http://render.fineartamerica.com/images/rendered/search/print/images-medium-5/old-st-louis-11th-and-olive-don-langeneckert.jpg;117507
32;Portrait Of Madame Olry-roederer Greeting Card featuring the painting Portrait Of Madame Olry-roederer by William-Adolphe Bouguereau;https://render.fineartamerica.com/images/rendered/default/greeting-card/images-medium/portrait-of-madame-olry-roederer-william-adolphe-bouguereau.jpg?&targetx=0&targety=-98&imagewidth=500&imageheight=897&modelwidth=500&modelheight=700&backgroundcolor=1B1312&orientation=1;120560
33;Yellow Valley by Sunil Linus De, Impressionism Painting, Watercolor on Paper, Beige color;https://d2qs8jo5daq3wi.cloudfront.net/photos/146102/large/DSCN4022_.jpg?1507899570;121703
34;Aspens Painting - Aspen Flame by Erin Hanson;https://i.pinimg.com/236x/f7/53/ea/f753eaa1dca7bfddb0b5b3318ea051b4.jpg;124873
35;Two Piers, Michael Kenna, Imazu, Honshu, Japan, 2001;https://tricycle.org/wp-content/uploads/2015/12/10-01Trungpa1.jpg;130858
36;Genos, One Punch Man (M: THIS! is going as my profile pic right now) (Incredible art!!) (Seriously, all hail to the artist);https://i.pinimg.com/736x/b2/ad/a1/b2ada13be74e6dfd70cf11acdb4b323a--cushion-pillow-one-punch-man-art.jpg;135347
37;Bing Crosby in 1932. | Source: Wikimedia Commons;https://cdn.amomama.com/0cad3b682f06515ccbe04038fd9f804514971751568423945.jpg?width=2194&height=2850;139073
38;Brasserie Framed Prints;https://render.fineartamerica.com/images/rendered/search/framed-print/images/artworkimages/medium/1/evening-in-paris-sheryl-hawkins.jpg?imgWI=10.875&imgHI=14.000&sku=CRQ13&mat1=PM3297&mat2=&t=2&b=2&l=2&r=2&off=0.5&frameW=0.875;141123
39;Jaguar Painting - Jaguar In Tree by David Stribbling;https://render.fineartamerica.com/images/rendered/medium/print/images/artworkimages/medium/1/jaguar-in-tree-david-stribbling.jpg;147800
40;beauty shot: Beautiful young woman with full red lips and braid hairstyle. Beauty shot over red background.;https://us.123rf.com/450wm/svetography/svetography1604/svetography160400236/55740991-beautiful-young-woman-with-full-red-lips-and-braid-hairstyle-beauty-shot-over-red-background.jpg?ver=6;151724
41;"""""""""""""""Hinshlai"""""""" Acrylic on Panel Board, 18"""""""" x 24"""""""" by artist Sierra Roberts. See her portfolio by visiting www.ArtsyShark.com""""""";https://www.artsyshark.com/wp-content/uploads/2019/04/Hinshlai_.jpg;152538
42;was napoleon the child of the revolution Bonaparte, napoleon  demonstrated that he was to some extent a child of the french revolution,  regarded bonaparte as the embodiment of the revolution,.;https://upload.wikimedia.org/wikipedia/commons/0/05/Cottrau_-_Napol%C3%A9on-Louis_Bonaparte_%281804-1831%29.jpg;155750
43;Margaret Bourke-White in sheepskin flight suit ready for aerial photography during WWII;https://i.pinimg.com/736x/6b/69/52/6b6952d47d430a9a532407d1d7e88d01.jpg;157312
44;Portrait of Kenyah Woman;https://rkfineart.com/wp-content/uploads/2018/04/Tan-Wei-Kheng-Portrait-of-Kenyah-Woman-2016-60x60cm-oil-on-canvas.jpg;163510
45;Spire By Moonlight;https://i2.wp.com/live.staticflickr.com/65535/50371313018_7ee6972e38_b.jpg?w=768&quality=80&strip=all&ssl=1;163543
46;Frisco Pier Under the Milky Way;https://www.carolinacountry.com/images/2018/01-January/Photo-Contest/thumbnails/Nick-Noble-sm.jpg;164137
47;Artist Shows Off The Fleeting Nature Of Beauty With Crumbling Portraits (11 pics);https://cdn.acidcow.com/pics/20161020/fleeting_nature_of_beauty_02.jpg;164628
48;40 Death-Defying Pics That Will Make Your Heart Skip A Beat;https://www.buzznicked.com/wp-content/uploads/2014/08/stomach-dropper-41.jpg;164648
49;Gary Hart Photography: Downpour, Point Imperial, North Rim, Grand Canyon;https://eloquentnature.files.wordpress.com/2013/08/m7c9216gcptimperiallightning_blog.jpg?w=222&h=334;164889
50;bartender at willard intercontinental makes mint julep;http://21onuv2o3diqcdqccz3o9c12iv.wpengine.netdna-cdn.com/wp-content/uploads/2012/05/jhewes1-1.jpg;166291
51;Frantisek Tavik Simon, Vilma reading on a Sofa, 1912;https://rozmilla.files.wordpress.com/2013/01/frantisek-tavik-simon-vilma-reading-on-a-sofa-19121.jpg?w=900;168373
52;Grafton Painting - They Don't Make Them Like They Used To by Spencer Meagher;https://render.fineartamerica.com/images/rendered/search/print/images-medium-5/they-dont-make-them-like-they-used-to-spencer-meagher.jpg;168619
53;Asian Architecture Backgrounds on Wallpapers Vista;https://vistapointe.net/images/asian-architecture-4.jpg;172465
54;Mule Deer, Glacier National Park, MT;https://photomartinez.files.wordpress.com/2020/10/dsc_5536-edit-1.jpg?w=563&h=784;176943
55;Artwork Photography of Western Tricycle;https://rossowphotography.com/wp-content/uploads/2017/12/Western-Tricycle-170814-Carl-Bretzke.jpg;178484
56;File photo. An environmentalist group is trying to drum up petition signatures to stop the Ministry of Forests from extending wolf trapping season on Vancouver Island by two months.;https://wildvoicesworld.files.wordpress.com/2018/05/gbcnh160216.jpg?w=720;182562
57;Grassmarket, Edinburgh Scotland.jpeg;https://alanreed.com/wp-content/uploads/2019/04/grassmarket-edinburgh-scotland-jpeg-600x842.jpg;184816
58;Albert Chevallier Tayler - Girl Looking Out to Sea - 1918;https://1.bp.blogspot.com/-h5L0ew0dToU/XuC7dH8JYwI/AAAAAAAAZvM/2dbXP1AQYSYRGkfdz-Jzwc52tMVAleqZQCK4BGAsYHg/w478-h640/Albert%2BChevallier%2BTayler%2B-%2BGirl%2BLooking%2BOut%2Bto%2BSea%2B-%2B1918%2B-%2Bs275.jpg;186838
59;"""""""Practice"""" - Ivan 小红花 {figurative art male head bearded man face portrait monochrome digital painting}""";https://i.pinimg.com/736x/77/11/e1/7711e1adb63bd8953ce3140bf9ac75dc.jpg;190547
60;Pikes Place Wall Art - Painting - Elliot Bay by Steve Henderson;https://render.fineartamerica.com/images/rendered/medium/print/images/artworkimages/medium/1/elliot-bay-steve-henderson.jpg;196023
61;Andrea Kowch, 'Light Keepers - Limited Edition Signed Print', 2019;https://d7hftxdivxxvm.cloudfront.net/?resize_to=fit&width=400&height=333&quality=80&src=https%3A%2F%2Fd32dm0rphc51dk.cloudfront.net%2FI02bigNWAq9u9ehLuI5pfA%2Flarge.jpg;198156
62;Hot air balloons and Red valley  at sunset in Goreme, Cappadocia in Turkey.;https://t4.ftcdn.net/jpg/03/04/30/79/240_F_304307931_A0groB31ZOuLzNUnc4iX5qtPbR2ai8xj.jpg;201268
63;Hot Carolyn Murphy nude (96 foto and video), Tits, Hot, Boobs, cleavage 2006;https://i.pinimg.com/originals/19/25/d4/1925d41f45c9c2bd272a91b867033e64.jpg;203561
64;Card Game Illustration by Yu Cheng Hong, via Behance:;https://i.pinimg.com/236x/b5/d6/94/b5d694589d5e15344be4be3c507746cb--athena-goddess-fantasy-women.jpg;203846
65;Tulipimania;https://i1.wp.com/sueboweryartist.co.uk/wp-content/uploads/2020/10/Tulipimania.jpeg?w=269&h=269&crop=1&ssl=1;208902
66;Portrait of woman smiling while standing amidst masks in store;https://cdn3.eyeem.com/thumb/5a02471f7bb0cddef59fb7bb0df8aa55a32ff7dd-1515014412714/w/800;216808
67;Barn And Clouds Poster;https://render.fineartamerica.com/images/rendered/search/poster/images-medium-5/barn-and-clouds-latah-trail-foundation.jpg;219339
68;"Maroon Bells, September 16th 2008 This image is a panorama; three images stitched together to form one using PANORAMA STUDIO software.  It is 23MB in size.";https://photos.smugmug.com/Landscapes/Colorado-Landscapes/i-pv7jRX8/2/ca1bdc46/M/MaroonBellsPanorama-M.jpg;219354
69;Boys on bicycle hitching ride on Pontiac Woody, ca. 1940s;https://i.pinimg.com/736x/78/f2/cf/78f2cf1be166b6a60bd83e3e19296d90--dangerous-games-automotive-art.jpg;224347
70;Glacier National Park;https://storage.newspark.ca/storage/34550884/2349;239101
71;Rocky Mountain Landscape Meadow In Spring Western Panorama;https://images.fineartamerica.com/images-medium-large-5/rocky-mountain-landscape-meadow-in-spring-western-panorama-with-wildflowers-square-format-walt-curlee.jpg;239675
72;Aaron Copland - Nadia Boulanger in 1925;https://upload.wikimedia.org/wikipedia/commons/thumb/c/c1/Nadia_Boulanger_1925.jpg/330px-Nadia_Boulanger_1925.jpg;243193
73;Light it up by Hendri Suhandi - Landscapes Sunsets & Sunrises ( bali, sanur, beach, sunrise );https://lh3.googleusercontent.com/emuL1ojYN6QQFzlO1MWobnrh4rwnXapWkIG2NJUrLyB80kMvATk6Ts444K14UNczZX_llVqCg2wAxUzC3J4-itE=s285-c;244295
74;z2899 Godshill Church under Starlight - The Inner Island inc Newport & Godshill;https://images.on-this.website/4879_191901201757225afe8eb8a.jpg;245408
75;top mountain: Two hikers relaxing on top of the mountain and enjoying sunset valley view;https://us.123rf.com/450wm/mihtiander/mihtiander1511/mihtiander151100069/48201129-two-hikers-relaxing-on-top-of-the-mountain-and-enjoying-sunset-valley-view.jpg?ver=6;246361
76;Architecture-vienna-long-exposure-photography-square.jpg;http://www.matejmichalik.com/black-and-white-photography/galleries/post-524/thumbnails/Architecture-vienna-long-exposure-photography-square.jpg;246408
77;Concept art for the handcrafted lightsaber retail experience.;https://g.foolcdn.com/image/?url=https%3A%2F%2Fg.foolcdn.com%2Feditorial%2Fimages%2F527515%2Fdisstarwarslighsabre.jpg&w=700&op=resize;247199
78;"""""""Tahoe Magic"""" 24x30, $3000.""";https://images.squarespace-cdn.com/content/52684098e4b0d94adb88f088/1470512759099-PAWJWCA4FASJNQJEQIU9/IMG_5383.JPG?format=1000w&content-type=image%2Fjpeg;251786
79;Solveig Song. Roerich N.K. (Part 2);https://cdn.gallerix.asia/sr/_UNK/898/8625.jpg;252742
80;Chasing Orion at Cape Spear Newfoundland 2;https://photos.smugmug.com/Galleries/Newfoundland/Newfoundland/i-hxscjtL/5/a2468462/M/Cape%20Spear-20130323-14-Edit-M.jpg;253576
81;Germany, Wierschem, View to Eltz Castle in autumn - MH00427;https://images1.westend61.de/0000814298j/germany-wierschem-view-to-eltz-castle-in-autumn-MH00427.jpg;265581
82;Original fantasy hand drawn illustration of an ancient portal in a form of round door with snow falling out of it;https://t3.ftcdn.net/jpg/03/00/25/28/360_F_300252862_B7OdJQZvS1FKqYG51lOeIA04aUsw3dZ4.jpg;275581
83;Country Roads Painting;https://images.fineartamerica.com/images/artworkimages/mediumlarge/2/country-roads-david-lloyd-glover.jpg;280597
84;James Thomas Linnell - Harvesting at Sunset 1851;https://rceliamendonca.files.wordpress.com/2014/02/james-thomas-linnell-harvesting-at-sunset-1851_thumb.jpg?w=690&h=507;280659
85;Pierre-Casiraghi-Beatrice-Borromeo-Wedding-Italy-2015 (1);http://www.idealmariaj.ro/wp-content/uploads/2016/08/Pierre-Casiraghi-Beatrice-Borromeo-Wedding-Italy-2015-1-1024x683.jpg;282795
86;Two polar bear cubs follow their mother across the snowy landscape of Manitoba, Canada.;http://cdn.c.photoshelter.com/img-get/I0000dWnh1YSj324/s/750/750/20100308-09325075.jpg;282898
87;Amazing cliffs Aval of Etretat and beautiful famous coastline,Normandy,France,Europe;https://us.123rf.com/450wm/janoka82/janoka821609/janoka82160900016/65550818-%E9%A9%9A%E3%81%8F%E3%81%BB%E3%81%A9%E3%81%AE%E5%B4%96%E3%82%A2%E3%83%B4%E3%82%A1%E3%83%AB%E3%81%AE%E3%82%A8%E3%83%88%E3%83%AB%E3%82%BF%E3%81%A8%E7%BE%8E%E3%81%97%E3%81%84%E6%9C%89%E5%90%8D%E3%81%AA%E6%B5%B7%E5%B2%B8%E7%B7%9A%E3%80%81%E3%83%8E%E3%83%AB%E3%83%9E%E3%83%B3%E3%83%87%E3%82%A3%E3%83%BC-%E3%83%95%E3%83%A9%E3%83%B3%E3%82%B9-%E3%83%A8%E3%83%BC%E3%83%AD%E3%83%83%E3%83%91.jpg?ver=6;283773
88;Photo pour beautiful fashion woman on a car in Paris  - image libre de droit;https://images.assetsdelivery.com/compings_v2/bowie15/bowie151310/bowie15131000123.jpg;286277
89;The Romantic Ancient Village of Campobasso in Italy.;https://i.pinimg.com/736x/dd/32/db/dd32db9db2074add2d211fbce946951e--fairytale-places-to-go.jpg;291035
90;Celebrities Royalty-Free and Rights-Managed Images - Willie Nelson by Zapista OU;https://render.fineartamerica.com/images/rendered/search/print/images/artworkimages/medium/1/willie-nelson-taylan-apukovska.jpg;296218
91;Picture & image of Katskhi Pillar Georgian Orthodox church on a 40 m (130 ft) natural limestone rock pillar near Chiatura, Imereti Region, Georgia (country).<br /> <br /> Studies have shown that the pillar was an early medieval hermitage occupied from at least the 9th century.;https://m.psecn.photoshelter.com/img-get/I00000asysHGepIY/s/650/88907-11-Katskhi-Pillar-Church.jpg;296841
92;Trout Lake Water Tank Photograph 8406 | Historical Colorado Photography  | Koral Martin Fine Art Photography;https://images.discerningassets.com/image/upload/c_fit,h_1000,w_1000/c_fit,fl_relative,h_1.0,o_100,w_1.0/v1562960702/Trout-Lake-Water-tank-8406_igpdij.jpg;298771
93;jubileebridge marinabay singapore water sunrise 2017 d600 ngc nikonfxshowcase nikkor1635mmf4 cityscape reflection;https://live.staticflickr.com/2906/34102297036_c45c2323c2.jpg;302725
94;Kinkade Cottage by Gingerbread Cottage Limited Edition Kinkade;https://tse4.mm.bing.net/th?id=OIP.V7yEg_hpoMkViMTt2ozKdgHaFm;302757
95;Gray clouds hang over the snowy mountains behind still, dark, tufa filled lake water.;https://monolake.org/wp-content/uploads/2020/12/Tioga-Inn-Richard-Erb-MLC-2020-1-771x330.jpg;304164
96;Blue Moon Expedition by Duy Huynh art print;http://store.vangoghgallery.com/product-images/AYAAQAHA-P1014484.jpg;309383
97;John Melhuish Strudwick, 'In The Golden Days';http://preraphaelitesisterhood.com/wp-content/uploads/2015/07/strudwick.jpg;325329
98;Bloglet Pertaining To Widely Used Daring Color And Movement Hairstyles (View 10 of 20);https://inflexa.com/wp-content/uploads/2019/08/bloglet-pertaining-to-widely-used-daring-color-and-movement-hairstyles.jpg;325632
99;Lightning Strike, Half Dome, Yosemite;https://photos.smugmug.com/Gary-Hart-Photo/i-R8FJBJn/1/19da4cdd/S/_DSC0585YNPHalfDomeLightning_SM-S.jpg;334584
100;Fantastic Beasts and Where to Find Them scene;https://i0.wp.com/neverwasmag.com/wp-content/uploads/2021/04/Fantastic-Beasts-and-Where-to-Find-Them-scene-1.jpg?resize=640%2C360&ssl=1;336838
101;J. Litvinas Original Oil Painting 'WINTER ROAD' 10 by 10 inches;https://i.ebayimg.com/thumbs/images/g/7VkAAOSwGAxfwphD/s-l225.jpg;338684
102;Balloons in a Field of Tulips by Chris Bartell - Landscapes Prairies, Meadows & Fields ( field, tulips, balloons, morning, landscape,  );https://lh3.googleusercontent.com/3Hof5jJO2RY1ixyUKM1iIbwnsh7O-LCRaCyWKAeHDUmjfQyDHALKgLOjm36KV-tHySQo-rxok5tQcoQk07UbKA=s285-c;340619
103;jenna dewan tatum 2015 white oscars red carpet 2015 my top 5 best worst dressed;http://tse4.mm.bing.net/th?id=OIP.c7Nv_FjUWEp9Qll4tlrrlgHaKD;353663
104;"""Ray Ruddick's Day and Away Tours : """"Stow on the Wold"""" in Cotswolds England""";https://media-cdn.tripadvisor.com/media/photo-s/01/56/a9/9b/stow-on-the-wold-in-cotswolds.jpg;356576
105;Frameless Paris Flower Street Landscape DIY Painting By Numbers;https://cdn.shopify.com/s/files/1/0102/8328/6628/products/paris_195x195@2x.jpg?v=1546432779;371300
106;snowy bridge and mountain, guilin, china by stephen wilkes;http://www.artnet.com/WebServices/images/ll433651llguOq52CfDrCWSXHXJAD/stephen-wilkes-snowy-bridge-and-mountain,-guilin,-china.jpg;373428
107;Poldark star Jack Farthing on heartbreaking George Warleggan twist: 'It comes out of nowhere';https://i0.wp.com/metro.co.uk/wp-content/uploads/2019/07/18364320-low_res-poldark-series-5-8e74.jpg?quality=90&strip=all&crop=836px%2C63px%2C871px%2C652px&resize=480%2C360&zoom=1&ssl=1;374686
108;Charles Brindley, The Angel Oak / Graphite on paper / 16×26 inches / 2010;https://images.squarespace-cdn.com/content/v1/5495d34fe4b0fde32692f90f/1429415153389-UPJDUH1744U5WSMTFYFC/ke17ZwdGBToddI8pDm48kPCNTV-XazI4V6V5iO64bZ0UqsxRUqqbr1mOJYKfIPR7LoDQ9mXPOjoJoqy81S2I8N_N4V1vUb5AoIIIbLZhVYy7Mythp_T-mtop-vrsUOmeInPi9iDjx9w8K4ZfjXt2djhXckEHZtL0JydzoZdbiVm-s9JSxJ3wcjNNuo_9ufCWJvwGh1qtNWvMhYKnvaKhbA/image-asset.jpeg;376987
109;bhutan wallpaper travel tigers nest Paro Taktsang;https://1.bp.blogspot.com/-NzNgV1E8hO0/T7xs-rDVQuI/AAAAAAAAAzc/e4bjSuFeEak/s640/Taktshang-Monastery-PAro_Bhutan.jpg;378885
110;Illustration for article titled Here's A Ton Of New Concept Art For Destiny, Bungie's Next Big Game;https://i.kinja-img.com/gawker-media/image/upload/s--tp40FD4G--/c_scale,f_auto,fl_progressive,q_80,w_800/18ixa1w9ailmfjpg.jpg;381276
111;Wish Upon A Paper Butterfly by Kerry Darlington;https://img.chelmerfineart.com/extra-large/wish-upon-a-paper-butterfly-24363.jpg;384749
112;Puppy Painting - Babysitter  -  Coyotes by Paul Krapf;https://render.fineartamerica.com/images/rendered/medium/print/images-medium-5/babysitter--coyotes-paul-krapf.jpg;389889
113;menz hair style 17 best images about s hairstyles on 8842 | e79690b1cf03512815b23d14cc1d2e8f;https://i.pinimg.com/736x/e7/96/90/e79690b1cf03512815b23d14cc1d2e8f.jpg;394819
114;Morning Mist Lakes / Rivers / Streams Jigsaw Puzzle;https://cdn.unifiedcommerce.com/content/product/large/796780697416.jpg;398830
115;Tammy Phillips - The Avenue Watercolor on Paper, Paintings;https://s3.amazonaws.com/contactimages/large/AK43290536_4287_4903_9ED9_C48A90B1BA93.jpg;399322
116;many faces of the world - Google Search;https://i.pinimg.com/236x/ad/a4/80/ada480eba01c5325f364b1c44da8e5f3.jpg;399412
117;my houses penthouse living room with view of central park south by julia jacquette;http://www.artnet.de/WebServices/images/ll00196lldjCjGFgZj4G3CfDrCWvaHBOcxEtC/julia-jacquette-my-houses-penthouse-living-room-with-view-of-central-park-south.jpg;401235
118;Ramesh Jhawar | Watercolor Painting title Lemon Seller on Paper | Artist Ramesh Jhawar Gallery | ArtZolo.com;https://www.artzolo.com/sites/default/files/styles/product_full/public/uploads/multi/873/largest/Lemon%20seller.jpg;401389
119;The elven courts;https://i.pinimg.com/736x/3f/f8/7f/3ff87f9f414f2711a3f119afba11f7f1.jpg;403226
120;William-Adolphe Bouguereau (1825-1905)Temptation,(1880);https://i.pinimg.com/736x/f9/47/5e/f9475e70fd4e811a4530c8294ff67119.jpg;403936
121;Country Painting - Easter Eggs In The Country by Victor Gabriel Gilbert;https://render.fineartamerica.com/images/rendered/search/print/images/artworkimages/medium/1/easter-eggs-in-the-country-victor-gabriel-gilbert.jpg;407947
122;Cool Anime Girl With Glasses Wallpaper;https://1.bp.blogspot.com/-HSy12m-oXeg/X09rwj_UaOI/AAAAAAAAFTw/uvCL-xNvV44jBziG6QeG70-MrOMrlaFpgCNcBGAsYHQ/w497-h640/cool-anime-girl-with-glasses-wallpaper-37.jpg;409102
123;painting of an interior scene;https://www.newenglishartclub.co.uk/sites/default/files/styles/product_image/public/Spencer-Sarah-Il-Convent-dei-Carmine.jpg?itok=HDIUJCOI;411266
124;Rural landscape with field of purple blooming garlic on sunset and mount Sleza on background, Lower Silesia, Poland;https://img.redro.pl/plakaty/rural-landscape-with-field-of-purple-blooming-garlic-on-sunset-and-mount-sleza-on-background-lower-silesia-poland-400-208821864.jpg;413498
125;Painting: Still life with pears and green bottle;http://www.josvanriswick.com/images/still_life_thumb350_pears_green_bottle.jpg;414215
126;starry lovers by wildlifemoments - Couples In Love Photo Contest;https://cdnpt01.viewbug.com/media/mediafiles/2015/05/19/55133135_large.jpg;417105
127;Henry Beresford, 3rd Marquess of Waterford - Henry Beresford's wife Louisa, by Francis Grant, 1859;https://upload.wikimedia.org/wikipedia/commons/thumb/9/97/Louisa_Anne_%28n%C3%A9e_Stuart%29%2C_Marchioness_of_Waterford_by_Sir_Francis_Grant.jpg/300px-Louisa_Anne_%28n%C3%A9e_Stuart%29%2C_Marchioness_of_Waterford_by_Sir_Francis_Grant.jpg;428661
128;Rating: Safe Score: 115 Tags: motorcycle original scenic tagme_(artist) tree vespa User: FoliFF;https://konachan.com/data/preview/a1/a9/a1a91700dbc4c739ae7ba033a3daa905.jpg;430056
129;Camping in the Canyon 3d modelling 3d model tent hot air balloons hot air balloon water river desert cactus rock canyon puffy clouds camping nature art low-poly lowpolyart low poly blender 3d art 3d;https://cdn.dribbble.com/users/2381550/screenshots/13974702/canyon_high_res2_1x.jpg;434502
130;Springtime in the Rockies (Print);https://static.wixstatic.com/media/3f1f3d_8f497786f6614f6686c530606e2c5128~mv2_d_1778_1600_s_2.jpg/v1/fill/w_376,h_376,fp_0.50_0.50,q_90/3f1f3d_8f497786f6614f6686c530606e2c5128~mv2_d_1778_1600_s_2.jpg;442235
131;"""Daniel F. Gerhartz Limited Edition Iris Graphic: """" The Moment """"""";http://d1fjc5l2cqte8m.cloudfront.net/fort-251.jpg;449885
132;Art by Mel Milton* • Blog/Website | (www.melmade.blogspot.co.il) ★ || CHARACTER DESIGN REFERENCE ...;http://www.inspirationde.com/wp-content/uploads/2015/11/art-by-mel-milton-blogwebsite-wwwmelmadeblogspotcoil-character-design-references-httpswwwf-14480435494gnk8.jpg;449953
133;It is claimed that Napoleon's 1st wife, Queen Josephine was the first person to use eye pads like these!;https://i0.wp.com/cheapandcheeky.com/wp-content/uploads/2019/04/Josephine1804-4.jpeg?resize=640%2C869&;454338
134;Glass bottom skywalk Grand Canyon Arizona. I have actually walked on the;https://i.pinimg.com/736x/e9/01/1d/e9011d06331024a907df29f429545bd5.jpg;456765
135;Painting - First Light by Steve Henderson;https://render.fineartamerica.com/images/rendered/search/print/images/artworkimages/medium/1/1-first-light-steve-henderson.jpg;459017
136;Sunrise at Wedge Pond, Kananaskis Country, Canadian Rocky Mountains, Alberta, Canada;https://us.123rf.com/450wm/tnphotoca/tnphotoca1909/tnphotoca190900151/130439751-sunrise-at-wedge-pond-kananaskis-country-canadian-rocky-mountains-alberta-canada.jpg?ver=6;460077
137;Wellington Koo: The Top Diplomat in the Republican China [Renwen Society event conducted entirely in Chinese];https://www.chinainstitute.org/site/wp-content/uploads/2019/03/koo.png;473034
138;"""""""This image released by Disney shows Yifei Liu in the title role of """"""""Mulan."""""""" (Jasin Boland/Disney via AP)""""""";https://2yw6hl18xgcx2ovds7nmmeug-wpengine.netdna-ssl.com/wp-content/uploads/2020/09/22615396_web1_NYET211-102_2018_093746.jpg;474825
139;'Waiting  #81' - Brett Amory;https://cdnb.20m.es/trasdos/files/2012/01/Brett-Amory-Waiting-81.jpg;475597
140;Mont St-Michel Sunset DRI-Getty-Finale;https://jeansurprenant.files.wordpress.com/2019/02/mont-st-michel-sunset-dri-getty-finale.jpg?w=640;481336
141;VEO tripod at Chenonceau Castle France;https://lh3.googleusercontent.com/-sV0Fuw-ZSZ8/Wd-DNo0EbmI/AAAAAAAP8c8/acnwzoqRMDoekW7RZ5ySPVrsqMwb8vQyACHMYCw/VEO%2Btripod%2Bat%2BChenonceau%2BCastle%2BFrance_by_Laurence%2BNorah-3_thumb?imgmax=800;484421
142;central park snowy path at christmas painting by elaine;http://tse4.mm.bing.net/th?id=OIP.Zqjql1rgcS1Oz8MDY7TidgHaFS;484929
143;This painting is based on Waihi Beach, New Zealand. Oil on canvas, 500mm x 400mm;https://i.pinimg.com/736x/7b/23/64/7b2364e2a8559898dac3da51ac11c059.jpg;488992
144;Picture the city, background, Russia, the beauty, in the water, Vika, George Chernyadev, Victoria Pichurova;https://img1.goodfon.com/wallpaper/big/f/95/vika-viktoriya-pichkurova-v.jpg;490292
145;nativeamericanbeautify;https://bookonfireblog.files.wordpress.com/2017/02/nativeamericanbeautify.jpg?w=287&h=273;494251
146;small towns in Europe;"https://i1.wp.com/earthnworld.com/wp-content/uploads/2017/06/Hallstatt-Austria-1.jpg?resize=450%2C270&amp;ssl=1";494432
147;David Howell PPRSMA, Low water at Staithes;https://artlogic-res.cloudinary.com/w_800,h_800,c_limit,f_auto,fl_lossy/artlogicstorage/johnnoott/images/view/682f1cb59635db036325db04d763ab60j/johnnoottgalleries-david-howell-pprsma-low-water-at-staithes.jpg;495722
148;Air Force Tech Sgt. Amanda Geray  sits in front of a mural in the Thunderbird hangar conference room at Nellis Air Force Base on Wednesday, Jan. 15, 2014. She becomes the first female line chief i ...;https://www.reviewjournal.com/wp-content/uploads/2014/01/web1_linechief-jan27-14_006.jpg;504870
149;A Milky Way Photo with Clouds;https://www.azuloxworkshops.com/wp-content/uploads/2017/06/Padre-Island-Milky-Way-Capture-One-and-Affinity-Photo-Edit-Walk-Through.jpg;507375
150;Glasgow - Scotland「Street Art Highlighted For Glasgow's First City Centre Mural Trail」:写真・画像(11)[壁紙.com];http://img.kb-cdn.com/imgviewer/NVpIM2ptOHhYRzVmUk5rM1NrNlFxYVV6enV4aGk2UFRJMmxPckdDUUVNWW4zdVJ3TEJuVGF1aFhqbkFrbjV6MldxbHI1Y0JFSjI3MWFDS0hidVIvQVNpS2pKK0x6d0c2UjdGUEh6OHNJZHYycy9BR1NCb2pORVU0WU9hNUViREMvMVl4UENyaUExZVdnZHpaNDBzU2YyVGs4Rjk5a0dGcU1QWWJJNXJ3SXZickZBVEVBR2V4b2RTRjE4TEJmbys0TUROUkZQSUF4Y3V4MjNxamtMNGQ5cnhWczdwMTRQUGtuNUZ6L2JOeTdOSDFMSy9icTRCckt6aUdzZ0pTWDcxUkVESXN6NW5LRGVPS1VmUEV4L3RIL0E9PQ==?square=0;509654
151;Mont Saint Michel photos;http://s3.amazonaws.com/medias.photodeck.com/bc4f6cd4-7d0a-46fa-adb8-342d7faac9cb/Puzzle_clean_2_large.jpg;511702
152;Awesome Post Apocalyptic Artworks by Yuri Shwedoff;http://www.inspirationde.com/wp-content/uploads/2015/05/awesome-post-apocalyptic-artworks-by-yuri-shwedoff-14323456704n8gk-300x300.jpg;514809
153;Mountain Lake, West Siberia, Altai mountains, Katun ridge  photo;https://us.123rf.com/450wm/yury0taranik/yury0taranik1211/yury0taranik121100011/16184727-mountain-lake-west-siberia-altai-mountains-katun-ridge.jpg;517847
154;World War 2 Wallpaper HD, Gallery of 42 World War 2 HD Backgrounds .;https://wallpapertag.com/wallpaper/middle/3/1/a/678102-world-war-ii-wallpapers-1920x1080-mobile.jpg;522716
155;Image Result For What Is Tonal Watercolour Watercolor Landscape;https://i.pinimg.com/originals/4b/13/2f/4b132f38d00f15c33b12d94ea2e68dd1.jpg?q=65;525772
156;woman in flower fields next to red castle and mountain,illustration painting;https://us.123rf.com/450wm/grandfailure/grandfailure1601/grandfailure160100013/50661747-woman-in-flower-fields-next-to-red-castle-and-mountain-illustration-painting.jpg?ver=6;528507
157;stunning: King Penguins in the Falkland Islands;https://us.123rf.com/450wm/kwest19/kwest191503/kwest19150300002/37346915-king-penguins-in-the-falkland-islands.jpg?ver=6;531633
158;Kin Shu Tofuki Ji (Tofukuji Temple with red maple), woodblock print by 加藤晃秀 Teruhide Kato.;https://i.pinimg.com/236x/5d/33/a0/5d33a0c4a630e64da4a4602411b78ee0--japan-art-japanese-prints.jpg;533661
159;Winter Wallpaper And 1024 X 768;http://www.wallpaperstop.com/wallpapers/nature-wallpapers/winter-wallpapers/beautiful-winter-wallpaper-1024x768-1009122.jpg;539339
160;Banaras morning lights by Anand M Bekwad, Impressionism Painting, Acrylic on Canvas, Cyan color;https://d2qs8jo5daq3wi.cloudfront.net/photos/258354/large/08%29Banaras-36x60inch-Acrylic_on_canvas..jpg?1531544638;540125
161;Best Dressed at the 2014 Oscars  - Redbook.com;https://i.pinimg.com/originals/14/9e/c8/149ec889c24236ef1478b3a28dada1e3.jpg;545286
162;The Big Trip   Moody Morning at Mammoth Hot Springs in Yellowstone National Park - Explore more at explorehuper.com/the-big-trip;https://images.unsplash.com/photo-1570654230464-9cf6d6f0660f?ixlib=rb-1.2.1&q=80&fm=jpg&crop=entropy&cs=tinysrgb&w=400&fit=max&ixid=eyJhcHBfaWQiOjI0MX0;553107
163;Glenfinnan Railway Viaduct in Scotland with the Jacobite steam train passing over. Artistic vintage style processing.;https://us.123rf.com/450wm/mirco1/mirco11707/mirco1170700011/82681763-viaduc-ferroviaire-de-glenfinnan-en-ecosse-avec-le-train-%C3%A0-vapeur-jacobite-qui-passe-traitement-artist.jpg?ver=6;555393
164;Nyatapola Temple- Nepal Original by Ryan Fox;http://render.fineartamerica.com/images/rendered/search/print/images/artworkimages/medium/1/nyatapola-temple-nepal-ryan-fox.jpg;559753
165;Lee Bogle In The Garden Giclee On Canvas;https://www.thecollectionshop.com/Image_Resize_Detail_Image.asp?MiscImage=inthegardenlb;559924
166;Billie Holiday and her dog Mister Downbeat (Jazz Portrait series, Library of Congress) Billie Holiday, First Ladies, Ladies Day, Divas, Jazz Musicians, Jazz Artists, Famous Musicians, Vintage Dog, Vintage Music;https://i.pinimg.com/236x/49/4d/fe/494dfec1270e9c31cc0891fbd3a20e66--billy-holiday-ladies-day.jpg;560283
167;mass_effect_3_character_admiral_anderson.jpg;https://bioware.sitkocdn.ru/assets/images/forum/me_universe/characters/mass_effect_3_character_admiral_anderson.jpg;562191
168;Feng-shui painting Chinese Beautiful Modern art famous Large Landscape Painting;https://www.holoong.com/uploadproduct/2017-11-20/big/06240301312017581.jpg;572224
169;Figure Before A Redbrick Church In A Dutch Town Painting;http://images.fineartamerica.com/images-medium-large/1-figure-before-a-redbrick-church-in-a-dutch-town-willem-koekkoek.jpg;575552
170;Cathedral by molybdenumgp03;https://images-wixmp-ed30a86b8c4ca887773594c2.wixmp.com/f/74c07d20-af9a-4919-abbb-4a6180738eb7/d23qfdi-cb914d9c-0945-4479-b52d-cf39ab654b12.jpg?token=eyJ0eXAiOiJKV1QiLCJhbGciOiJIUzI1NiJ9.eyJpc3MiOiJ1cm46YXBwOjdlMGQxODg5ODIyNjQzNzNhNWYwZDQxNWVhMGQyNmUwIiwic3ViIjoidXJuOmFwcDo3ZTBkMTg4OTgyMjY0MzczYTVmMGQ0MTVlYTBkMjZlMCIsImF1ZCI6WyJ1cm46c2VydmljZTpmaWxlLmRvd25sb2FkIl0sIm9iaiI6W1t7InBhdGgiOiIvZi83NGMwN2QyMC1hZjlhLTQ5MTktYWJiYi00YTYxODA3MzhlYjcvZDIzcWZkaS1jYjkxNGQ5Yy0wOTQ1LTQ0NzktYjUyZC1jZjM5YWI2NTRiMTIuanBnIn1dXX0.n7AMtzYB9zlDN1Av0CSE8UKhtgFlSTuY1vrSk5wkGNM;579813
171;Crysis 3 - The hunted becomes the hunter;https://million-wallpapers.com/wallpapers/4/53/small/470439338798006.jpg;580447
172;Dog sits on a rock in the mountains Stock Photo;https://us.123rf.com/450wm/lassedesignen/lassedesignen1704/lassedesignen170400003/75021954-dog-sits-on-a-rock-in-the-mountains.jpg?ver=6;582690
173;This photo was shot during the Dolomites West June 2013 photo workshop.;https://photos.smugmug.com/Workshops/Dolomites-June-2015/i-Nc2ZMP8/0/M/_T2A4718-M.jpg;587743
174;Back to Painting-Watercoloring - Bucket List Ideas;https://yourdream.s3.amazonaws.com/media/cache/7e/e1/7ee1c5f4d1dda364af94e5281503a54d.jpg;589804
175;International Landscape Photographer of the Year;https://kto-chto-gde.ru/wp-content/uploads/2019/02/gory-pustyni-i-beskrajnie-snega-samye-krasivye-fotopejzazhi-2018-goda-39.jpg;593903
176;Meditating Monks at Pongour Falls;https://verbaliststravel.files.wordpress.com/2013/04/meditating-monks-at-pongour-falls.jpg?w=860;595256
177;"""Mark Keathley Hand Signed and Numbered Limited Edition Embellished Canvas Giclee:""""Dreams of Africa""""""";https://s.yimg.com/aah/gallerydirectart/bradley-schmehl-limited-edition-print-on-paper-hunters-hounds-22.png;601088
178;1000pc Hockey on Frozen Lake jigsaw puzzle | Cobble Hill Puzzle Company;https://cdn3.volusion.com/ywjzv.xdxbb/v/vspfiles/photos/80059-2T.jpg?1557484131;618240
179;Sean O'Pry for H&M;https://static.fashionbeans.com/wp-content/uploads/2013/10/pry5.jpg;618889
180;Leah Saulnier The Painting Maniac - Siamese twins 5;https://render.fineartamerica.com/images/images-profile-flow/350/images/artworkimages/medium/1/siamese-twins-5-leah-saulnier-the-painting-maniac.jpg;621891
181;Photo for Father and son sitting under the tree on spring lawn - Royalty Free Image;https://images.assetsdelivery.com/thumbnails/olesiabilkei/olesiabilkei1505/olesiabilkei150500083.jpg;625618
182;"""""""Fisherman's Evening"""" original fine art by Arena Shawn""";https://s3.amazonaws.com/fineartimages.dailypaintworks.com/auction_6b022dd5-6de1-4053-84b0-47b7cabe5578.jpg?imageVersion=;626509
183;History of watercolor art - How To Color A Simple And Easy Landscape With Watercolor By Paintlane;https://i.pinimg.com/originals/b6/85/ba/b685ba43f8e9234b61c4c8b6913ad83e.jpg;627618
184;World at War: WW2 Strategy MMO APK Cover;http://lh3.googleusercontent.com/h1cYSpCLhdA6EydtkPN5A4wNOU18U1vJBezld-b2EihOkwT6nMeT_msZ7otCqHgqIQ=h310-rw;628317
185;"""'Forest Glade'   Limited Edition Giclee Print on Board Mounted Canvas, 12"""" x 12""""""";https://images.squarespace-cdn.com/content/5a983995372b96416102594d/1534948665610-BS216Q012PNBV365EGGL/FOREST+4+-+DAN+RUSSLE+V100+B5+C20+%281%29.jpg?format=1000w&content-type=image%2Fjpeg;629000
186;Louis-Armstrong-with-His-Wife.jpg;http://forum.silentphotoplay.com/download/file.php?id=128&sid=f5643cbdb3db4f3f1598d7355b4514ea;638286
187;Ferries at Ganga Ghat by Lasya Upadhyaya, Expressionism Painting, Watercolor on Paper, Brown color;https://d2qs8jo5daq3wi.cloudfront.net/photos/259932/square_medium/IMG_20180415_211529.JPG?1535535821;638493
188;Julianna Hough Wears Monique Lhuillier at the 2013 Golden Globes;https://www2.pictures.stylebistro.com/gi/70th+Annual+Golden+Globe+Awards+Arrivals+HRJyxThMFKil.jpg;638846
189;Knights and Mountain Fortress by Raphael-Lacoste;https://t00.deviantart.net/Del_D1DiGiyqoQNSaqh8SuYoFkg=/fit-in/700x350/filters:fixed_height(100,100):origin()/pre00/b7eb/th/pre/i/2015/343/3/7/knights_and_mountain_fortress_by_raphael_lacoste-d9jlwpi.jpg;638904
190;Phenomenal Pictures of ABANDONED Places (10);http://www.barneyfrank.net/wp-content/uploads/2015/07/Phenomenal-Pictures-of-ABANDONED-Places-10.jpg;644996
191;charles-ebbets-high-manhattan;http://vostok1.jp/production/wp-content/uploads/2016/01/charles-ebbets-high-manhattan.jpg;645687
192;Mountain landscape with blossoming field, New Zealand photo;https://us.123rf.com/450wm/muha/muha0910/muha091000006/5657925-mountain-landscape-with-blossoming-field-new-zealand.jpg;650494
193;hyper realistic paintings marco grassi 6 5a37b5b9138a3  880 - This Artist Will Blow Your Mind Once You Realize These Are Not Photos At All;https://i2.wp.com/static.boredpanda.com/blog/wp-content/uploads/2017/12/hyper-realistic-paintings-marco-grassi-6-5a37b5b9138a3__880.jpg?resize=880%2C651&;651561
194;Oxbow Bend;https://photos.smugmug.com/SmugPreview/My-Favorites/i-3MG4jmB/0/a68ddfb3/L/5917095870_b9e633210c_o-L.jpg;655582
195;Norman J. McCaig, By the Banks of the Grand Canal at Morgan O'Driscoll Art Auctions;https://www.morganodriscoll.com/art2/2329-152_1-mob.jpg;657480
196;City animation backgrounds;https://images-wixmp-ed30a86b8c4ca887773594c2.wixmp.com/f/ba4c9c5e-5cb5-4eb7-a90e-b602b91f9735/d4sov9k-8d4a7a0a-48d2-4ac3-88e7-e219c6fdaea6.jpg?token=eyJ0eXAiOiJKV1QiLCJhbGciOiJIUzI1NiJ9.eyJpc3MiOiJ1cm46YXBwOjdlMGQxODg5ODIyNjQzNzNhNWYwZDQxNWVhMGQyNmUwIiwic3ViIjoidXJuOmFwcDo3ZTBkMTg4OTgyMjY0MzczYTVmMGQ0MTVlYTBkMjZlMCIsImF1ZCI6WyJ1cm46c2VydmljZTpmaWxlLmRvd25sb2FkIl0sIm9iaiI6W1t7InBhdGgiOiIvZi9iYTRjOWM1ZS01Y2I1LTRlYjctYTkwZS1iNjAyYjkxZjk3MzUvZDRzb3Y5ay04ZDRhN2EwYS00OGQyLTRhYzMtODhlNy1lMjE5YzZmZGFlYTYuanBnIn1dXX0.Lx3T3M-XEiXcEucqp0JCFg1iDyjNskNi2ofmzOmzCpg;658806
197;11Arches National Park. Utah, USA;https://cristimoise.files.wordpress.com/2014/11/11arches-national-park-utah-usa.jpg?w=540;663142
198;The Doctor (Peter Capaldi) on the Moon;https://www.telegraph.co.uk/multimedia/archive/03057/doctor_who_ep6_doc_3057384c.jpg;668385
199;vintage-curl-wedding-hair-do;https://www.weddingsonline.ie/blog/wp-content/uploads/2015/09/vintage-curl-wedding-hair-do.jpg;668907
200;Ebb and Flow - 48 x 48 ins - (sold);https://www.christopherosborne.co.uk/images/photos/DSC09021.jpg;673480
201;ENGLAND - YORKSHIRE - KNARESBOROUGH - Vintage Tourism Poster - UK Railway Poster {NOTE};https://i.pinimg.com/736x/4a/26/3d/4a263d49d292ee7c32abbe95a38f1858--posters-uk-railway-posters.jpg;674127
202;fall colors in bavarian alps.;https://www.smartertravel.com/wp-content/uploads/2017/06/bavarian-alps-autumn-germany.jpg;676170
203;This photo was taken with a model dressed in a kimono and geisha make-up from a studio that offers this kind of service. The photo was taken in color and then processed in PSE(layers) to separate the model's color from the background color.;https://photos.smugmug.com/Japan/Kyoto/MaikoGeisha/i-f3mGFs4/0/15c0f477/M/colorwithflowersstairs-M.jpg;677323
204;Photo sur Toile Abou Dabi Sheikh Zayed Grand Mosque during sunset, Abu-Dhabi, UAE;https://t4.ftcdn.net/jpg/02/65/36/01/240_F_265360165_1SB1Q8osHBRhESRpOrRTBfqCDSPdbscS.jpg;686381
205;Little Owl Athene noctua Bird photography prey mouse;https://i1.wp.com/www.roeselienraimond.com/wp-content/uploads/2014/02/little_owl_prey1.jpg?w=386&h=257;687452
206;We-spent-Winter-in-New-Zealand-photographing-the-incredible-night-sky-58046dc185937__880;http://photar.ru/wp-content/uploads/2017/02/We-spent-Winter-in-New-Zealand-photographing-the-incredible-night-sky-58046dc185937__880.jpg;691526
207;Schmidt Kinkade: Disney Sleeping Beauty Jigsaw Puzzle (1000 pieces);https://cdn.shopify.com/s/files/1/0123/4944/0058/products/27bf9dd3-c848-4ed8-9fcb-bd3504a8e6b3_grande.jpg?v=1552752864;691688
208;Murad Osmann Follows His Girlfriend Around The World Goes to India (1);http://www.incrediblesnaps.com/wp-content/uploads/2015/05/Murad-Osmann-Follows-His-Girlfriend-Around-The-World-Goes-to-India-1.jpg;696790
209;Spectacular Mountain Scene With River At Sunrise2;https://joshuaworoniecki.com/wp-content/uploads/2021/09/Spectacular-Mountain-Scene-With-River-At-Sunrise2-370x350.jpg;699005
210;Thomas Kinkade Jigsaw Puzzle - A Peaceful Retreat - 750 Ceaco (Special Edition);https://www.puzzlehouse.com/ImagesPuzzle/peacefulretreat.jpg;702006
211;Lake District;https://www.lapseoftheshutter.com/wp-content/uploads/2016/07/lakedistrict.jpg;703671
212;chrysler building construction new york city nyc;https://i.insider.com/4db58b164bd7c80e2e080000?width=400;705087
213;CAMPAIGN Josh Whitehouse for Mr. Burberry 2016 by Greg Harris. www.imageamplified.com, Image Amplified2;https://i2.wp.com/imageamplified.com/wp-content/uploads/2016/11/CAMPAIGN-Josh-Whitehouse-for-Mr.-Burberry-2016-by-Greg-Harris.-www.imageamplified.com-Image-Ampl-1.jpg?resize=795%2C1030;711233
214;Snow on Lake Wenatchee by Lynn Hopwood;https://render.fineartamerica.com/images/images-new-artwork/images/artworkimages/medium/3/snow-on-lake-wenatchee-lynn-hopwood.jpg;712250
215;Thomas Moran Sunset in Mid-Ocean;https://ipaintingsforsale.com/UploadPic/Thomas%20Moran/big/Sunset%20in%20Mid-Ocean.jpg;714714
216;Canyon Pools;https://photos.smugmug.com/Landscape/i-Jbq3m8w/5/95e42cf3/S/Canyon-Pools-S.jpg;716289
217;World & Travel: Iceland;https://www.toprq.com/albums/world/thumb_730489.jpg;718227
218;Rating: Safe Score: 13 Tags: 2girls luo_tianyi tagme_(artist) vocaloid vocaloid_china yuezheng_ling User: luckyluna;https://konachan.com/data/preview/0e/c3/0ec36d77f40fae960bb6dea75b9edb4c.jpg;721250
219;League of Legends: Rakan and Xayah Reveal;https://cdn.mmohuts.com/wp-content/uploads/2017/04/604x339dual.png;723784
220;Beautiful portraits of ziegfeld follies showgirls from the 1920s by;https://pbs.twimg.com/media/Cqid5tcVUAARpfh.jpg;727457
221;Teton Photograph - Oxbow's Autumn by Darren White;https://render.fineartamerica.com/images/rendered/search/print/images/artworkimages/medium/1/oxbows-autumn-darren-white.jpg;730590
222;Behind the Film: The Making of 'Zootopia';https://blog.siggraph.org//wp-content/uploads/2017/02/s2016_Production-Session_0004_Zootopia-1-266x266.jpg;732079
223;Benjamin Siegel is commonly known as Bugsy Siegel, a Jewish - American mobster;https://historyten.com/wp-content/uploads/2021/07/Benjamin-Siegel-commonly-known-as-Bugsy-Siegel-a-Jewish-American-mobster.jpg;732137
224;"<span class=&#34;artist&#34;><strong>Li Huayi</strong></span>, <span class=&#34;title&#34;><em>Autumn Mountains</em>, 2007</span>";https://artlogic-res.cloudinary.com/w_630,h_485,c_limit,f_auto,fl_lossy/ws-benbrown/usr/images/exhibition_artworks_migrated/59854_1000.jpg;732797
225;Antarctica, Lemaire Channel;http://www.redkarawana.com/wp-content/uploads/2018/11/5c-SP-Antarctica-Lemaire-Channel.jpg;733332
226;Balmoral Dreaming - Balmoral Beach - The HDR Series by Philip Johnson;http://ih1.redbubble.net/image.4722752.2873/flat,220x200,075,t.jpg;733986
227;Famous 1985 National Geographic Afghan Girl photo, adolescent girl with piercing green eyes wearing red headscarf;https://cdn.substack.com/image/fetch/w_600,c_limit,f_auto,q_auto:good,fl_progressive:steep/https%3A%2F%2Fpbs.substack.com%2Fmedia%2FE9DtOqJUYAELCTO.jpg;740431
228;Canvas Prints Landscapes Almost nearly perfect reflection of the Rocky mountains in the Bow River. Near Canmore, Alberta Canada. Winter season is coming. Bear country. Beautiful landscape background concept.;https://t4.ftcdn.net/jpg/02/99/52/51/240_F_299525100_bjDDpkYba0g2TP0yCeeiy9ucIT4YuUzM.jpg;741188
229;Cute winter log cabin bing images country cabins;https://i.pinimg.com/736x/ca/f3/51/caf35142d8b42e4a5ffaf0fe15e340b6.jpg;742320
230;Image result for song seung heon obsessed;https://www.hancinema.net/photos/fullsizephoto442383.jpg;746793
231;Details about  /3D Various People 48 Wall Paper Wall Print Decal Wall Deco Indoor AJ Wall Paper;https://i.etsystatic.com/22567330/d/il/7d7df2/2289207163/il_340x270.2289207163_osvq.jpg?version=0;749186
232;A very cold Loch Tay in Highland Perthshire, Scotland,,,;https://cdnpt01.viewbug.com/media/mediafiles/2016/11/21/69863788_widepreview400.jpg;749372
233;Claudio Simonetti - Romantic Lights of Venice - 15 x 17;https://artpostgallery.com/wp-content/uploads/2014/08/claudio-simonetti-romantic-lights-of-venice-15-x-17.jpg;750316
234;Kinkakuji, Kyoto, in winter;https://i2.wp.com/upload.wikimedia.org/wikipedia/commons/thumb/1/19/Kinkaku_Snow_E4.jpg/800px-Kinkaku_Snow_E4.jpg;751794
235;The Gathering by Leon McDuffie Mini Print -  African American Art - New;https://www.picclickimg.com/d/l400/pict/263463448341_/The-Gathering-by-Leon-McDuffie-Mini-Print.jpg;758499
236;Digital Art by Charlie Bowater;https://i.pinimg.com/736x/f3/3f/16/f33f1608a7369de2848ac3836cec2ddc--digital-portrait-cartoon-girls.jpg;762414
237;brown wooden dock between lavender flower field near body of water during golden hour;https://images.unsplash.com/photo-1532274402911-5a369e4c4bb5?ixlib=rb-1.2.1&ixid=eyJhcHBfaWQiOjEyMDd9&auto=format&fit=crop&w=1000&q=80;764655
238;Mini Dress「Sixties Stripes」:写真・画像(8)[壁紙.com];http://img.kb-cdn.com/imgviewer/NVpIM2ptOHhYRzVmUk5rM1NrNlFxYVV6enV4aGk2UFRJMmxPckdDUUVNWU1ZL1Z2NzhoZFFjaEZhdXc5VGFqeWo2aDE0Y2JFcmZ6MUlsNHl1SGJVd2o5Sk9rdlEvcHFvUmxhcU1NbjdsYklrYmhFWkR5aWtSVEpjVnd3UllsU045SzZyQ2Z4SXNkb2lrS1hFSk5qZkJ6QkYvNVJRd1dXTWl1Y2UyZm9SUVRzeGFsRytRWjBIWCtIbFVaQ29DVzdVQXFYTTI2WTd5VnE3bDB6VVR4cXVyYXVPNFNVMzF0ODhMZWJ1cTA4YUZmSzFBOFJHcFlWTmRKWEdGbW9oUk9zekFPVzZEOGN2VXZVWDFmREZjclREZXc9PQ==?square=0;768869
239;Craig Kodera - CANYON STARLINER -  LIMITED EDITION PRINT Published by the Greenwich Workshop;http://www.greenwichworkshop.com/images/gallery/images/Prints/Kodera/CK00024lg.jpg;769614
240;Chien Chung-Wei 【明天會更好 / Tomorrow will be better 】Watercolour.By Chien Chung… Watercolor Artists, Watercolor Portraits, Watercolor Landscape, Watercolor And Ink, Watercolor Illustration, Watercolour Painting, Watercolours, Paintings I Love, Tour Eiffel;https://i.pinimg.com/236x/20/85/14/2085147260b7b28600ef29f55c12b28e--art-watercolor-be-better.jpg;775695
241;autumn, tree, and nature image;https://data.whicdn.com/images/143997511/superthumb.jpg?t=1414530572;777263
242;Photograph Borgholms Kallbadhus.. by Peter Levi on 500px;https://drscdn.500px.org/photo/39286932/m=1170/fdb00d2e2b42d365cd7bba6b006be688;779309
243;instantShift - Brilliant Examples of Infrared Photography;https://i0.wp.com/detechter.com/wp-content/uploads/2013/08/seoip-15.jpg?w=500&ssl=1;781974
244;Beautiful dancer;http://i.pinimg.com/736x/5e/e8/f8/5ee8f8ba95855cc74622f0afb9520539.jpg;783438
245;Firaxis-wonder_cn_tower_255;http://assets.sbnation.com/assets/1542745/firaxis-Wonder_CN_Tower_255.jpeg;789108
246;Early Morning Misty Colors in the Valley, Yosemite, California, USA;https://imgc.artprintimages.com/img/print/tom-norring-early-morning-misty-colors-in-the-valley-yosemite-california-usa_u-l-phbdst0.jpg;789190
247;Photograph - Pinnacles And Spires In The Badlands by Randall Nyhof;https://render.fineartamerica.com/images/rendered/search/print/images/artworkimages/medium/1/1-pinnacles-and-spires-in-the-badlands-randall-nyhof.jpg;789242
248;Forest Nymphs and a Deer painting. Fine art print;https://cdn.shopify.com/s/files/1/0223/9423/products/ART1141_300x.jpg?v=1593491327;794085
249;Fashion's new face: Nina Porter (front) with Lily Donaldson (left) and Rosie Huntington-Whitely (right) in the campaign for Burberry make-up;https://i.dailymail.co.uk/i/pix/2010/09/01/article-0-0B005D27000005DC-50_468x655.jpg;800088
250;hobbiton morning what does look like;https://files-cdn.sharenator.com/hobbiton-in-the-morning-what-does-look-like-this-s5769x3802-430839-1020.jpg;800201
251;The perfume makers by Rudolf Ernst;https://www.pictorem.com/uploads/gallerysmall/gallerysmall_37232.jpg;806976
252;banff national park: Mountains and forest reflection at Bow Lake with fog in Banff National Park, Canada. Stock Photo;https://us.123rf.com/450wm/rabbit75123/rabbit751231608/rabbit75123160801011/62034810-mountains-and-forest-reflection-at-bow-lake-with-fog-in-banff-national-park-canada.jpg?ver=6;807384
253;Ashif Hossain | Acrylic Painting title Banaras Ghat 12 on Canvas | Artist Ashif Hossain Gallery | ArtZolo.com;https://www.artzolo.com/sites/default/files/styles/product_full/public/uploads/multi/1/largest/12x12_2.jpg;811425
254;Breathtaking paintings by Diego Dayer;https://viola.bz/wp-content/uploads/2012/04/Diego-Dayer-20.jpg;815692
255;Albert Bierstadt~Wind River Land;https://thumbs.werkaandemuur.nl/1/507b011585e69725da3971e61f7e6b09/360x360/thumbnail/fit.jpg;820256
256;SimCity 5 1 Casino City;https://mygaming.co.za/news/wp-content/uploads/2012/03/SimCity-5-1-Casino-City.jpg;820767
257;Fixh Maybe When Vaporwave Art Retro Design Cityscape Wallpaper Desktop Wallpaper Art Scenery Wallpaper;https://i.pinimg.com/originals/23/66/f5/2366f58fd970d2772f3aec52179b0873.jpg;822367
258;Jean Beraud ON THE BOULEVARD;https://www.prints.com/imgage.php?f=570-spq5074.jpg&h=370&w=350&ln=Beraud&fs=&sn=&lo=;822832
259;Door With Pots Painting by Sam Sidders - Door With Pots Fine Art Prints and Posters for Sale;https://i.pinimg.com/236x/35/d3/ca/35d3cafdc70128de96d9f5022b25ee28--art-watercolor-fine-art-print.jpg;823039
260;Polar bear family Arctic Svalbard;http://www.lensman.se/wp-content/uploads/2017/06/170501-Polar-bear-family.jpg;827887
261;Northern lights by z-a-i-n-a;https://t00.deviantart.net/PRW8KYFmejw4HN-2Wpn6K-iyv5E=/fit-in/700x350/filters:fixed_height(100,100):origin()/pre00/29ae/th/pre/i/2018/151/5/b/northern_lights_by_z_a_i_n_a-dc09ofp.png;835871
262;Mono Lake Sunset;https://d3e1m60ptf1oym.cloudfront.net/82f0b91e-3b28-11e1-b1a6-d7d1c233ae82/sn_us_ca_0009_medium.jpg;844932
263;An acrylic painting of the pretty stone church at Gougane Barra, Co Cork, a couple sit on a bench in the foreground.;https://cdn.shopify.com/s/files/1/0215/4742/products/No-617-Gougane-Barra-19x15_580x.jpg?v=1596269221;854832
264;A Washington, D.C. filling station in 1924;https://i2.wp.com/www.instantshift.com/assets/uploads/2015/04/colorized-historical-b&w-photos-38.jpg;865522
265;Fishing pier extends into the Gulf of Mexico on the Yucatan island of Holbox, Mexico.;https://ssl.c.photoshelter.com/img-get/I00002bn_Xw3j8f0/s/650/650/Isla-de-Holbox-8.jpg;872467
266;Railway Bridge Across the River - forest, autumn, bridge, nature, river, reflected, trees, sky;https://cache.desktopnexus.com/thumbseg/2377/2377311-bigthumbnail.jpg;874359
267;Beautiful Hd Wallpapers From China Funoticcom Part 2;https://i2.wp.com/800006.xyz/files/funotic/walls/big/china_hd_wal_03.jpg?ssl=1;876026
268;Close up of a Young Jaguar standing in shallow water with reflections, bed of water hyacinths in the back and side, facing camera, dawn mood, Pantanal Wetlands, Mato Grosso, Brazil;https://t3.ftcdn.net/jpg/02/99/01/68/360_F_299016869_5Gv27yhKFWYFiXK7CDr3OTSOIqCiYoOU.jpg;879559
269;Mestrovic Mausoleum by Zeljko Marcina - Landscapes Starscapes ( mestrovic, sky, mausoleum, croatia, night, milky way, otavice,  );https://lh3.googleusercontent.com/Pncwb5EBCtcnLDzV9ENN-2Z9fBGgmyEaSoG1pJO_rpD8TVGZywifWtw5oUpWZRAvem44kokeIra1oF4tS8oERw=s285-c;880314
270;limestone pavement with single tree silhouette at dusk;https://travellingtam.com/wp-content/uploads/2020/05/limestone-pavement-Malham-1-2-1024x625.jpg;882824
271;Oldham from the surrounding hills. Original framed watercolour dated 1984. For Sale 5;https://a.1stdibscdn.com/a_4893/a_17660731543324701838/DSC_9995_Zoom_5_Picture_master.jpg?width=768;882964
272;Free Haunted high quality background ID:447032 for hd 1920x1440 PC;https://wallpapermemory.com/uploads/102/haunted-background-hd-1920x1440-447032.jpg;884842
273;park shin hye, lee jong suk, and actor image;https://data.whicdn.com/images/169715550/superthumb.jpg?t=1427161522;891146
274;Nancy Holleran - DelMar Low Tide Watercolor on Paper, Paintings;https://s3.amazonaws.com/contactimages/large/AKC3181032_B60F_4813_9C61_3CA317AA219F.jpg;891853
275;Edvard bergh, oil on canvas/panel, signed and dated 1871.;https://d2mpxrrcad19ou.cloudfront.net/item_images/1218690/11943644_bukobject.jpg;892704
276;A Hill Woman from Ladakh, Cooking Her Food, Oil On Canvas by Gertrude Ellen Burrard;https://en.wahooart.com/Art.nsf/O/AQZQQG/$File/Gertrude-Ellen-Burrard-A-Hill-Woman-from-Ladakh-Cooking-Her-Food.jpg;908831
277;_DSC1263_4_5_2015_01_01-Superstitions-Elvis-Church-Apacheland;http://acgpsy.org/wp-content/uploads/2015/01/DSC1263_4_5_2015_01_01-Superstitions-Elvis-Church-Apacheland.jpg;908947
278;"""""""Comtesse d'Haussonville,"""" 1845, by Jean-Auguste-Dominique Ingres (1780 - 1867). Oil on canvas 51 7/8 inches by x 36 1/4 inches, The Frick Collection. (Michael Bodycomb)""";https://img.theepochtimes.com/assets/uploads/2017/02/24/TFC_Ingres_19271081_2000-674x944.jpg;909180
279;Workers balancing on steel beam above streets during construction of the Manhattan Company Building by Arthur Gerlach;"https://imgc.allpostersimages.com/img/posters/arthur-gerlach-workers-balancing-on-steel-beam-above-streets-during-construction-of-the-manhattan-company-building_u-L-P44MDJ0.jpg?src=gp&amp;w=300&amp;h=375";909890
280;Theater Architecture - Casolare A Primavera by Guido Borelli;https://render.fineartamerica.com/images/rendered/search/print/images/artworkimages/medium/1/1-casolare-a-primavera-guido-borelli.jpg;912587
281;Nepalese Woman and Baby;https://static.wixstatic.com/media/55fa17_b431b4f7919149bdb8255cb971ddb6ee~mv2.jpg/v1/fill/w_498,h_373,al_c,q_85,usm_0.66_1.00_0.01/55fa17_b431b4f7919149bdb8255cb971ddb6ee~mv2.jpg;913046
282;MARTIN-LEWIS-Rainy-Day-Queens;https://catalogue.swanngalleries.com/full//352%5C768352.jpg;913750
283;Red Rock Country Photo Tour;https://fourcorners.photography/images/tours/White_Pocket/01.jpg;919404
284;Country kitchens made in Italy Arrital Village;http://www.arrital.com/wp-content/uploads/village-01-1.jpg;921348
285;Blue color most popular men in the clubhouse of the current season spectacular illuminated range of tones. Pure color sky juicy, almost turquoise bright after lights out, quiet blues - light shades of blue, are becoming summer breeze brings spontaneity and rope.;https://i2.wp.com/fashionablymale.net/wp-content/uploads/2016/03/vistula_ss16_16.jpg?resize=1080%2C680&ssl=1;924467
286;norway, nature, and snow image;https://data.whicdn.com/images/287958637/superthumb.jpg?t=1495920181;924858
287;kate-hudson-golden-globes-2015-800x568;http://www.fashiondea.it/wp-content/uploads/2015/01/kate-hudson-golden-globes-2015-800x568.jpg;946261
288;Photographer captures the Milky Way with moonlight;https://t3.ftcdn.net/jpg/02/94/71/46/240_F_294714664_FQTOTPbxcZL6Xj7uaxxQozBql3Mkwf81.jpg;946284
289;Fra Mapplethorpe: Look at the Pictures. Foto: Tour de Force, © Robert Mapplethorpe Foundation;http://znett.com/wp-content/uploads/2016/05/mapplethorpe-farget-til-nett-500x498.jpg;950226
290;Brown bear sow and cubs, Lake Clark National Park, Alaska, USA, Lake Clark National Park, Alaska, USA;https://images.robertharding.com/preview/RF/MI/HORIZONTAL/1174-1637.jpg;958499
291;Best ArtworkHyperrealistic Images On Pinterest Caricatures - Artist uses pencils to create striking hyper realistic portraits;https://i.pinimg.com/736x/65/a9/e1/65a9e1450f773317b255c96ffbaec75e--realistic-pencil-drawings-hyper-realistic-paintings.jpg;960414
292;Golden Globe 2016, Rosie Huntington-Whiteley si è fidanzata;https://images.vanityfair.it/gallery/41409/Mid/69d49e2d-0f0e-4464-8fdc-cc38330204ff.jpg;960685
293;amazing pencil drawings copy;https://images.template.net/wp-content/uploads/2014/11/amazing-pencil-drawings-copy.jpg;961998
294;sursa imaginii: fundoolabs.in/marie-curie-first-women-win-noble-prize/;http://dan.romascanu.net/wp-content/uploads/2018/10/marie_curie_1.jpg;964508
295;In de dag Reflectie Crystal Lakes Chamonix in the Alps;https://t4.ftcdn.net/jpg/02/30/88/81/240_F_230888161_0rJX5r4INPcd7K4DIVsEkIcMyCftIqA8.jpg;968996
296;"""""""I was driving out of Monument Valley when I saw """"""""flashes"""""""" to my left, I pulled over and managed to get a few lightning shots before the ligh by Theo-Herbots-Fotograaf""""""";https://cdnpt01.viewbug.com/media/mediafiles/2017/09/30/75367019_widepreview400.jpg;970850
297;Francis J. Underwood by alfalert;https://images-wixmp-ed30a86b8c4ca887773594c2.wixmp.com/f/f2eca3f1-daf4-4966-8f4d-060355cd9929/d6vqwg9-b3c05be1-7d95-4064-a976-abc5c9de455a.jpg/v1/fill/w_843,h_948,q_75,strp/francis_j__underwood_by_alfalert-d6vqwg9.jpg?token=eyJ0eXAiOiJKV1QiLCJhbGciOiJIUzI1NiJ9.eyJpc3MiOiJ1cm46YXBwOjdlMGQxODg5ODIyNjQzNzNhNWYwZDQxNWVhMGQyNmUwIiwic3ViIjoidXJuOmFwcDo3ZTBkMTg4OTgyMjY0MzczYTVmMGQ0MTVlYTBkMjZlMCIsImF1ZCI6WyJ1cm46c2VydmljZTppbWFnZS5vcGVyYXRpb25zIl0sIm9iaiI6W1t7InBhdGgiOiIvZi9mMmVjYTNmMS1kYWY0LTQ5NjYtOGY0ZC0wNjAzNTVjZDk5MjkvZDZ2cXdnOS1iM2MwNWJlMS03ZDk1LTQwNjQtYTk3Ni1hYmM1YzlkZTQ1NWEuanBnIiwid2lkdGgiOiI8PTg0MyIsImhlaWdodCI6Ijw9OTQ4In1dXX0.t3EX6IDduae9KhClFLY1MxxC6GEpvcYaoDZA7M-9ee4;973869
298;The Beauty of Beach and Nature at Sunset;https://sp.rmbl.ws/s8/1/l/f/w/o/lfwob.oq1b-small-The-Beauty-of-Beach-and-Nat.jpg;976352
299;sokolsky bubble;https://onphotographydotme.files.wordpress.com/2019/07/sokolsky-bubble.jpg?w=616;978547
300;United States Olympic Winter Games halfpipe skier David Wise poses for a portrait at the 2017 Team USA Media Summit Tuesday, Sept. 26, 2017, in Park City, Utah. (AP Photo/Rick Bowmer);https://www.gannett-cdn.com/-mm-/4a670130849c3f9cefb26163b7612b2dd8320506/c=0-252-5400-3303/local/-/media/2018/02/15/Reno/RGJ/636543209409422276-david-wise-01.jpg?width=660&height=373&fit=crop&format=pjpg&auto=webp;979269
301;Winter landscape, Plitvice Lakes;http://reversehomesickness.com/wp-content/uploads/2014/01/winter-plitvice-lakes-croatia.jpg;979730
302;William Holman Hunt;https://leslievillehistory.files.wordpress.com/2016/02/william-holman-hunt.jpg?w=219;979823
303;Fly in a hot air balloon wallpaper 1600x1200;https://uhdwallpapers.org/uploads/converted/18/05/30/fly-in-a-hot-air-balloon-1600x1200_85898-mm-90.jpg;982990
304;2-Night Stay for Four in a River-View Room with Spa-and-Food Package at Yosemite View Lodge near Yosemite National Park;https://img.grouponcdn.com/deal/gY7qjUijFnSfLcdKa932/rR-2048x1229/v1/t440x300.jpg;984645
305;nature art print, forest art print, red leaves;https://i2.wp.com/emilymagone.com/wp-content/uploads/2017/04/Good-Morning-72dpi.jpg?fit=416%2C278&ssl=1;988715
306;Sandra Oh, 2019 Golden Globes, Golden Globe Awards, Red Carpet Fashions;"https://akns-images.eonline.com/eol_images/Entire_Site/201906/rs_600x600-190106145026-600-Sandra-Oh-shutterstock_editorial_10048066ca_huge.jpg?fit=around%7C300:300&crop=300:300;center,top&output-quality=90";993273
307;Crouching Monk - Day 11 for Inktober.;https://images.squarespace-cdn.com/content/56a55352c21b866082d1e67f/1453680615053-JOXB6G6KE2K63L2U4Q3G/shaolin_2.jpg?format=1000w&content-type=image%2Fjpeg;997744
308;Second Vermilion Lake and Mount Rundle, Banff National Park, Alberta.;https://images.robertharding.com/zoom/RM/RH/VERTICAL/1116-15450.jpg;1005442
309;Russell Crowe by donvito62;https://t00.deviantart.net/f1MxzB3ZvaSubMXVLLpw5j1ouok=/fit-in/700x350/filters:fixed_height(100,100):origin()/pre00/18f0/th/pre/i/2011/045/4/4/russell_crowe_by_donvito62-d39la00.png;1008995
310;Photographing Torres Del Paine National Park;https://visualwilderness.com/wp-content/uploads/2014/04/20140123-174208-Edit-550x363.jpg;1010404
311;Grand Street and Broadway - Contemporary Art by Frederick Brosen;https://a.1stdibscdn.com/a_23/a_56822511581008517950/bros_3_master.jpg?width=768;1013403
312;Among The Sierra Nevada Mountains California 1868 | Albert Bierstadt | Oil Painting;https://d3ngf76mkj9kfv.cloudfront.net/2017/07/24131657/Among-The-Sierra-Nevada-Mountains-California-1868-Albert-Bierstadt-Oil-Painting.jpg;1014121
313;Michelle Murray 1962 - American Figurative painter - Tutt'Art@ (4) (549x550, 465Kb);https://img1.liveinternet.ru/images/attach/d/0/143/81/143081445_Michelle_Murray_1962__American_Figurative_painter__TuttArt__4_.jpg;1016947
314;by Thomas Hertz - Buildings & Architecture Public & Historical ( interior, montreal, altar, church, colorful, holy );http://lh3.ggpht.com/rteWUE8CrFtR_xogVhg8WeV9RR2jbOJoCRI-oz9t8rRg1Pr3GeQG59eWWVGWmICEkzzQ_eJc5OtpFerHTQKruw=s270-c;1021149
315;#pig#truck#animals#pigfarmer#illustration - lillisketch | ello;https://assets1.ello.co/uploads/asset/attachment/5569048/ello-optimized-023ebea5.jpg;1021782
316;Photograph Tuscan knolls by Marcin Sobas on 500px;https://drscdn.500px.org/photo/23733621/m%3D1170/e991181ad582b409baa516cb528f20dd;1023718
317;53 best Thierry Duval images on Pinterest   Watercolors, Watercolour ...;https://i.pinimg.com/736x/63/6e/02/636e02adca285bd7e7f949eb13784c83--thierry-watercolor-paintings.jpg;1024556
318;winter, castles, fantasy art, Mortal Engines, cities - desktop wallpaper;http://cdn.wallpaperjam.com/static/images/s/4c/c2/4cc221723c9614e8e7d48b0f6110e4aced98fdb9.jpg;1024900
319;(CreativeWork) Afternoon Swim. Mudjimba Beach. Qld by Barry Back. Oil Paint. Shop online at Bluethumb.;https://images.bluethumb.com.au/uploads/listing/443997/barry-back-afternoon-swim-mudjimba-beach-qld-bluethumb-c057.jpg?w=460&h=460&fit=crop&auto=compress&cs=tinysrgb&q=70&s=a16d9dfbb11d6396b3adc1313a6fb1a2;1024914
320;Landscape Wall Art - Painting - The North Rim Hexaptych - Panel 5 by Erin Hanson;https://render.fineartamerica.com/images/rendered/medium/print/images-medium-5/the-north-rim-hexaptych--panel-5-erin-hanson-prints.jpg;1025547
321;Autumn by Ladybower Dam in the Peak District;http://d3e1m60ptf1oym.cloudfront.net/b590de3d-29de-443a-a371-9c335ae4971c/OCTOBER_Autumn_by_Ladybower_medium.jpg;1032812
322;Emma Thompson in a gold and black dress with daughter Gaia;http://assets.heart.co.uk/2014/02/emma-thompson-and-gaia-romilly-wise-golden-globe-awards-2014-arrivals-5-1389584284-view-1.jpg;1033635
323;Electricians working on the Eiffel Tower, 1937;https://i.pinimg.com/736x/45/a1/c6/45a1c6a4d07a3557cdd7b6527e350bf4.jpg;1040057
324;Cherry Blossom Anime Girl Phone Wallpaper Water Man Cave Column Falls City Phone Wallpapers;http://i0.wp.com/million-wallpapers.com/wallpapers/1/45/14163328198860562300/water-man-cave-column-falls-city.jpg;1042934
325;Red-browed Fire-tail Finches;https://i.pinimg.com/736x/5b/d2/12/5bd21214ac0b6a03e3d7788820132797.jpg;1047206
326;Green Eyes by ViiPerArt;https://images-wixmp-ed30a86b8c4ca887773594c2.wixmp.com/f/283ef0a5-b24c-4e5d-8370-1129dcf06a8f/db4g373-0ad28145-494f-47e6-a62c-f9c0931dcc0c.jpg/v1/fill/w_765,h_1044,q_75,strp/green_eyes_by_viiperart-db4g373.jpg?token=eyJ0eXAiOiJKV1QiLCJhbGciOiJIUzI1NiJ9.eyJpc3MiOiJ1cm46YXBwOjdlMGQxODg5ODIyNjQzNzNhNWYwZDQxNWVhMGQyNmUwIiwic3ViIjoidXJuOmFwcDo3ZTBkMTg4OTgyMjY0MzczYTVmMGQ0MTVlYTBkMjZlMCIsImF1ZCI6WyJ1cm46c2VydmljZTppbWFnZS5vcGVyYXRpb25zIl0sIm9iaiI6W1t7InBhdGgiOiIvZi8yODNlZjBhNS1iMjRjLTRlNWQtODM3MC0xMTI5ZGNmMDZhOGYvZGI0ZzM3My0wYWQyODE0NS00OTRmLTQ3ZTYtYTYyYy1mOWMwOTMxZGNjMGMuanBnIiwid2lkdGgiOiI8PTc2NSIsImhlaWdodCI6Ijw9MTA0NCJ9XV19.jhQ3uboTiW7MBZ0bUP2kZdzamSCuyNc7g4Wq_oMRwCk;1050355
327;"""Perpetual Motion Machine 30"""" x 24""""  Oil on Panel  2017 private commission collection of Lizann and Paul Lizotte""";https://0201.nccdn.net/1_2/000/000/185/abb/PerpetualMotionMachine-donato-1200-960x1200.jpg;1052700
328;Kallias from A court of thorns and roses series by Morgana0anagrom;https://i.pinimg.com/236x/e2/ee/93/e2ee932591afeb10c0f1f6ba4bdd06ea.jpg;1054088
329;Photograph Winter In The Arches by Kevin McNeal on 500px;https://drscdn.500px.org/photo/5811191/m%3D1170_k%3D1_a%3D1/v2?sig=efd54ebbd1e8226b863829e74bfd7c54c915dd0b86084481148f2c96259865c0;1058073
330;Book Quotes - La Cascina Sul Lago by Guido Borelli;https://render.fineartamerica.com/images/rendered/search/print/images-medium-5/la-cascina-sul-lago-guido-borelli.jpg;1065406
331;Winter Scene, Hampstead Heath by Robert Finlay Mcintyre - print;http://s3.amazonaws.com/magnoliasoft.imageweb/russellcotes/fullsize/borgm_01505.jpg;1070650
332;Photograph - Western Siberian Owl by David Hare;https://render.fineartamerica.com/images/rendered/search/print/images/artworkimages/medium/1/western-siberian-owl-david-hare.jpg;1072758
333;Polar bear mother walking on the tundra with ner two newborn cubs in Wapusk National Park near Churchill, Manitoba in Canada;https://m.psecn.photoshelter.com/img-get2/I0000oY7wlEJPOEc/fit=/fill=200x200/g=G0000WLWxbriH09g/I0000oY7wlEJPOEc.jpg;1082168
334;fall on fire;https://images-wixmp-ed30a86b8c4ca887773594c2.wixmp.com/f/39c11c65-3a36-4962-ae91-814873da630e/d3028hi-2f0c0ac2-0da6-4148-b83d-8a40538039a9.jpg/v1/fill/w_525,h_350,q_70,strp/fall_on_fire_by_larsvandegoor_d3028hi-350t.jpg?token=eyJ0eXAiOiJKV1QiLCJhbGciOiJIUzI1NiJ9.eyJzdWIiOiJ1cm46YXBwOiIsImlzcyI6InVybjphcHA6Iiwib2JqIjpbW3siaGVpZ2h0IjoiPD01MzMiLCJwYXRoIjoiXC9mXC8zOWMxMWM2NS0zYTM2LTQ5NjItYWU5MS04MTQ4NzNkYTYzMGVcL2QzMDI4aGktMmYwYzBhYzItMGRhNi00MTQ4LWI4M2QtOGE0MDUzODAzOWE5LmpwZyIsIndpZHRoIjoiPD04MDAifV1dLCJhdWQiOlsidXJuOnNlcnZpY2U6aW1hZ2Uub3BlcmF0aW9ucyJdfQ.Vvt6NTDFMgzQlc9vzHJmiwIx8aAOZ9W-Q8Yj74h3XUg;1083906
335;The Empress of China, available in full body! | Cfensi;https://i.pinimg.com/736x/e4/89/8a/e4898a1192b5c75a140b8477ffaa9e2e.jpg;1084026
336;Greenland photography tours and expeditions;https://static.tildacdn.com/tild6336-6337-4438-a138-376437666639/ScoresbySoundarch.JPG;1092956
337;A classic southern scene of overhanging oaks at a plantation in South Carolina.;https://ssl.c.photoshelter.com/img-get/I00006YQholtbxvw/s/680/Southern-Exposure.jpg;1093837
338;Reflections of Loon Lake - original watercolor by Paul Oman;https://www.paulomanfineart.com/wp-content/uploads/2019/09/original-fa-watercolor-reflections-of-loon-lake-400x284.jpg;1096286
339;The Andrews Sisters I Want My Mama (Mama Yo Quiero) cover art;https://s3.amazonaws.com/images.sheetmusicdirect.com/Contributor/f5f22a9c-a00c-49f9-8123-329b632da79c/large.jpg;1101462
340;Great Pearl Necklace Outfit Ideas 70+ 8;https://i0.wp.com/stylefemale.com/wp-content/uploads/2018/08/Great-Pearl-Necklace-Outfit-Ideas-70-8.jpg?w=329&h=411&ssl=1;1105516
341;In Showtime's new half-hour series 'House of Lies,' Don Cheadle stars as a cynical, problem-solving management consultant.;http://si.wsj.net/public/resources/images/WK-BA429_Arena__DV_20111229163119.jpg;1106535
342;Stars in the Valley of Dreams;https://images.unsplash.com/photo-1537819191377-d3305ffddce4?ixlib=rb-1.2.1&q=80&fm=jpg&crop=entropy&cs=tinysrgb&w=400&fit=max&ixid=eyJhcHBfaWQiOjI3NTZ9;1107976
343;Peder Mørk Mønsted (1859-1941): Spring day in the forest with beeches and anemones in bloom, 1903;https://i.pinimg.com/236x/ce/60/70/ce607013ba78ef9b2b601f838c7559ce--landscape-art-landscape-paintings.jpg;1109476
344;Archway to Venice 2003 Embellished Limited Edition Print by Sam Park;https://images.artbrokerage.com/artthumb/park_105999_1/360x322/Sam_Park_Savoi_PP.jpg;1117066
345;Tyrolean Couple;https://imgc.allpostersimages.com/img/print/u-g-PPE9BP0.jpg?w=338&h=450;1123655
346;Tibor Nagy - Down the Street- Oil;https://i.pinimg.com/236x/4a/d1/e4/4ad1e456f6bb1a963355f5a479255839--city-landscape-urban-landscape.jpg;1126019
347;Jean Leon Gerome View Of Cairo;https://cdn.artmight.com/albums/2010-09-11/1001-Orientalist-Art-Paintings/Jean-Leon-Gerome/normal_Jean-Leon-Gerome-View-Of-Cairo.jpg;1130786
348;These dories were tied in a row to the dock at dawn on the east coast. I painted this watercolor using a photo taken by our friend and neighbor, Jamie Smith as reference. The following poem was also written by Jamie;https://i.pinimg.com/736x/a2/70/0b/a2700b526fe6d079fab13473b4d1e489.jpg;1130911
349;frog on heavy rain;http://onebigphoto.com/wp-content/themes/onebigphotoNEW/timthumb.php?src=http://onebigphoto.com/uploads/2013/02/frog-on-heavy-rain.jpg&w=280&h=270;1133805
350;Hawaiian mountains and beach painting Picture;http://www.artistbensaber.com/uploads/1/6/2/1/16213314/___6722106_orig.jpg;1136030
351;moraine lake sunrise even without dramatic clouds the;https://c1.staticflickr.com/9/8281/28554109823_86c8dbbcbd.jpg;1139845
352;Immacolata weekend a bordo del Bernina Express con i bambini;https://www.tribetrip.it/immacolata-weekend-bordo-bernina-2938/;1140341
353;sea seascape rock landscape cliffs chasm niue matapa;https://live.staticflickr.com/3904/14891585919_197c1252af.jpg;1141570
354;Painting - Lone Cypress Tree Pebble Beach by Bill Holkham;https://render.fineartamerica.com/images/rendered/search/print/images/artworkimages/medium/1/lone-cypress-tree-pebble-beach-bill-holkham.jpg;1144148
355;a real world cyberpunk bedroom how accustomed we ve concept art writing prompt black market parlor;http://tse4.mm.bing.net/th?id=OIP.xLCwHyxSqu_1wLcfWy7FSQHaEl;1149632
356;Daria Werbowy for Mango ss14 campaign look book;http://3.bp.blogspot.com/-AbWEH2kobIQ/UzMzfsoLRHI/AAAAAAAARiU/kALraaj8fl0/s1600/daria-werbowy-mango-spring-ad-look-book.jpg;1153127
357;All Consuming  by William Patino on 500px.com;https://drscdn.500px.org/photo/1025214257/m%3D900/v2?sig=c94b2ef690b8aac47bea5023418e371ba3bb003c91abff2e28bd3f642fbb8389;1156158
358;Buildings Digital Art - Watermill by Super Lovely;https://render.fineartamerica.com/images/rendered/search/print/images/artworkimages/medium/1/2-watermill-super-lovely.jpg;1162091
359;How to paint a portrait - a step-by-step process for Girl in Kimono - Yim Maukun;https://i.pinimg.com/236x/58/55/58/585558c0984fbcd4f4425a0a0a2efc99.jpg;1166923
360;Bamburgh Castle Reflections;https://photos.smugmug.com/Galleries/Northumberland/i-7Cb7jJc/1/418d0c57/S/20181015_172330-S.jpg;1175307
361;Dmitry Anatolyevich Belyukin. Evening. The entrance to the monastery of Vatopedi;https://arthive.net/res/media/img/oy400/work/388/332651.jpg;1175606
362;Wedge Pond Sunrise by Mei Xu on 500px.com;https://drscdn.500px.org/photo/49382036/m%3D900/v2?webp=true&sig=1c4205ce50158f52493024da0eaf37d3ebb43aadd0e3b3b622038297a7eff7b2;1183293
363;Why She Deserves a Movie: We know that there already was a Supergirl movie back in 1984. But if Batman could get a second chance…;https://imagesvc.meredithcorp.io/v3/mm/image?url=https%3A%2F%2Fstatic.onecms.io%2Fwp-content%2Fuploads%2Fsites%2F6%2F2010%2F05%2Fsupergirl_300.jpg;1185134
364;Sunset in the hills of the Smokies;https://photos.smugmug.com/Galleries/Smoky-Mountains-National-Park/i-dTZtSsm/0/bb4b26bb/L/201105-ross-51-18-Pano-Edit-Edit-Edit-Edit-Edit-Edit-Edit-Edit-Edit-Edit-Edit-Edit-L.jpg;1191208
365;old decay piano;http://www.tantriclensblog.com/wp-content/uploads/2015/12/MG_0552_3_4_5_6_tonemapped-Bearbeitet-Kopie-2__880.jpg;1193391
366;The Graduates by Tina Bell Vance - Digital Art Things ( books, girls, digital collage, seated, digital manipulation, digital art, white, read, trees, graduates, women, portrait );https://lh3.googleusercontent.com/o4Rl-bRz_b4tIJh3mvxLU6eQ4QMwhQyPp-5b5qvCdVyXEg0C8M_FDvyoyKnkMIJdMFtwsVUDIDSsMIYidMHZEsgo=s285-c;1196131
367;Betty Draper Francis, Henry Francis (Christopher Stanley) and Sally Draper (Kiernan Shipka) are quite the colorful family in season 7.;http://cdn.cnn.com/cnnnext/dam/assets/140523100031-mad-men-season-7-jones-stanley-shipka-horizontal-large-gallery.jpg;1196167
368;, 'October Light, San Francisco,' , Stremmel Gallery;https://d32dm0rphc51dk.cloudfront.net/kLpiDTHGwOl-XMydGzw6Bw/large.jpg;1206956
369;Yoanythings Realistic Portrait Awesome Eyes T Beauty Makeup;https://i.pinimg.com/736x/c6/74/e6/c674e6600f9561a2ab748717dd989523.jpg;1212258
370;"""Andrew (Andrew Atroshenko) Handsigned and Numbered Limited Edition Giclee on Canvas:""""Bassline""""""";https://s.yimg.com/aah/gallerydirectart/andrew-andrew-atroshenko-handsigned-and-numbered-limited-edition-giclee-on-canvas-bassline-22.png;1217506
371;"""""""He's Close"""" 40"""" x 60"""" Original Oil Painting on Linen by Craig Tennant Western Landscape Mountain Man""";https://www.craigtennantart.com/wp-content/uploads/2019/01/Hes-Close-40-x-60-Original-Oil-Painting-on-Linen-by-Craig-Tennant-Western-Landscape-Mountain-Man-1024x669.jpg;1219778
372;SUNFLOWERS by Evan Harrington - 20 x 16 in., o/l • SOLD;http://silvermangallerybuckscountypa.com/wp-content/uploads/2017/07/EvanHarrington_Sunflowers_001552_web.jpg;1221339
373;Prize catch: one of China's cormorant fishermen, famously depicted in HSBC's TV ads;https://i.dailymail.co.uk/i/pix/2010/08/03/article-0-0AAA4B68000005DC-470_468x286.jpg;1221666
374;SEREBRIAKOVA, ZINAIDA (1884-1967) - photo 1;https://veryimportantlot.com/cache/lot/1524/21670_1494550944-563x367_width_50.jpg?_=1494550944;1222161
375;Auto Illustrations - tra le vigne a Montalcino by Guido Borelli;https://render.fineartamerica.com/images/rendered/search/print/images/artworkimages/medium/1/tra-le-vigne-a-montalcino-guido-borelli.jpg;1222170
376;Passing through the river valley under the surveillance of the Rocky Mountains, Rocky Mountains, Morants Curve, Banff National Park, Canada;https://us.123rf.com/450wm/jankotrbacek/jankotrbacek1706/jankotrbacek170600082/81356251-%E3%83%AD%E3%83%83%E3%82%AD%E3%83%BC%E5%B1%B1%E8%84%88%E3%80%81%E3%83%AD%E3%83%83%E3%82%AD%E3%83%BC%E5%B1%B1%E8%84%88%E3%80%81morants-%E6%9B%B2%E7%B7%9A%E3%80%81%E3%83%90%E3%83%B3%E3%83%95%E5%9B%BD%E7%AB%8B%E5%85%AC%E5%9C%92%E3%80%81%E3%82%AB%E3%83%8A%E3%83%80%E3%81%AE%E7%9B%A3%E8%A6%96%E3%81%AE%E4%B8%8B%E3%81%A7%E5%B7%9D%E3%81%AE%E6%B8%93%E8%B0%B7%E3%82%92%E9%80%9A%E9%81%8E.jpg?ver=6;1222426
377;Ofcom Makes Ruling On Controversial 'Poldark' Rape Scene;"https://img.huffingtonpost.com/asset/58344d6b1700002600e7bd00.jpeg?cache=UYMOiOI2ua&amp;ops=250_140";1241915
378;Country Life Large Painting Gary Adams Which Uploaded;https://cdn.cutithai.com/wp-content/uploads/country-life-large-painting-gary-adams-which-uploaded_163222-620x350.jpg;1243524
379;Highlands of Iceland;https://photos.smugmug.com/photos/i-3nzTbSq/0/M/i-3nzTbSq-M.jpg;1245503
380;Rating: Safe Score: 70 Tags: black_hair blush haru_(hiyori-kohal) headphones original phone ponytail purple_eyes scarf school_uniform snow train tree winter User: RyuZU;https://konachan.net/data/preview/34/f8/34f8daf8585f90c518dd20aae6a7fed2.jpg;1248867
381;The world in those eyes...;https://i.pinimg.com/originals/fb/45/ec/fb45ec340f759a27088aea6480648c77.jpg;1250349
382;Glastavlor Wooden Landing Jetty - in the Morning;https://static.posters.cz/image/750/glastavlor/wooden-landing-jetty-in-the-morning-i25563.jpg;1252643
383;The Last of Us 2 PS4 Sony E3 2017 showcase release date gameplay;http://cdn.images.express.co.uk/img/dynamic/143/285x395/816331_1.jpg;1254913
384;canvas painting: fantasy scenery with floating islands in the sky,digital painting;https://us.123rf.com/450wm/grandfailure/grandfailure1507/grandfailure150700040/42293111-fantasy-scenery-with-floating-islands-in-the-sky-digital-painting.jpg?ver=6;1258744
385;Antonia Wesseloh by Jacques Olivar for Marie Claire Italia October 2013;http://thefashionography.com/wp-content/uploads/2013/10/antonia-wesseloh-by-jacques-olivar-for-marie-claire-italia-october-2013-4.jpg;1260283
386;Painting - The Sounds Of A Barcarolle by Dmitry Spiros;https://render.fineartamerica.com/images/rendered/search/print/images/artworkimages/medium/1/the-sounds-of-a-barcarolle-dmitry-spiros.jpg;1260560
387;Stream's Golden Glow;https://farm7.staticflickr.com/6154/6235554626_4c4d6d7690.jpg;1261018
388;daria-werbowy-casual-luxe06;https://www.fashiongonerogue.com/wp-content/uploads/2014/08/daria-werbowy-casual-luxe06.jpg;1266216
389;This Vietnamese man tends to his fishing nets in the morning and sells his catch at the local markets in the afternoon.;http://i2.cdn.turner.com/cnn/dam/assets/131120121621-16-cgap-horizontal-gallery.jpg;1266957
390;Female Portrait Study by KimiSz;https://images-wixmp-ed30a86b8c4ca887773594c2.wixmp.com/f/b648b79f-9e56-4a60-be99-79ebde2c73cd/d3diijj-53e82ad7-b4b5-4aff-9571-50ab9f4f79a6.jpg/v1/fill/w_900,h_1273,q_75,strp/female_portrait_study_by_kimisz-d3diijj.jpg?token=eyJ0eXAiOiJKV1QiLCJhbGciOiJIUzI1NiJ9.eyJpc3MiOiJ1cm46YXBwOjdlMGQxODg5ODIyNjQzNzNhNWYwZDQxNWVhMGQyNmUwIiwic3ViIjoidXJuOmFwcDo3ZTBkMTg4OTgyMjY0MzczYTVmMGQ0MTVlYTBkMjZlMCIsImF1ZCI6WyJ1cm46c2VydmljZTppbWFnZS5vcGVyYXRpb25zIl0sIm9iaiI6W1t7InBhdGgiOiIvZi9iNjQ4Yjc5Zi05ZTU2LTRhNjAtYmU5OS03OWViZGUyYzczY2QvZDNkaWlqai01M2U4MmFkNy1iNGI1LTRhZmYtOTU3MS01MGFiOWY0Zjc5YTYuanBnIiwid2lkdGgiOiI8PTkwMCIsImhlaWdodCI6Ijw9MTI3MyJ9XV19.M5_T3p0U8H5dK9M-JojVWCNMxrzeklejEsA6SQnqsI0;1269297
391;Watercolour Baddesley Clinton Warwickshire;http://www.silkartist.co.uk/water3.jpg;1272352
392;Photograph - The Fairy Pools - Isle Of Skye 3 by Grant Glendinning;https://render.fineartamerica.com/images/rendered/search/print/images/artworkimages/medium/1/the-fairy-pools-isle-of-skye-3-grant-glendinning.jpg;1274117
393;A Proposito di Train to Busan – La Recensione;https://www.cinemamente.com/wp-content/uploads/2020/10/Train-to-Busan-opinione-1200x640.jpg;1275968
394;Aerial view of Carcassonne, a French fortified city in the department of Aude, in the region of Occitanie, in France;https://media.istockphoto.com/photos/aerial-view-of-carcassonne-a-french-fortified-city-in-the-department-picture-id1284298847?b=1&k=6&m=1284298847&s=170667a&w=0&h=HILwiel-y-kUF30R67ZkrpfRfgxiN8YiV1fszK505BA=;1277047
395;Picture bridge, castle, zipper, art, gloomy, Lord of The Rings, War In The North, Ilya Nazarov;https://img2.goodfon.com/wallpaper/big/c/b7/art-ilya-nazarov-lord-of-the-7009.jpg;1278004
396;Temple of Philae desde el Neumático Court, acuarela de Henry Roderick Newman (1833-1918, United States);https://es.wahooart.com/Art.nsf/O/8YE4R3/$File/Henry-Roderick-Newman-Temple-of-Philae-from-the-Outer-Court.JPG;1281389
397;Cute Frog Photography;https://www.boredpanda.com/blog/wp-content/uploads/2016/11/frog-photography-tantoYensen-35-5836fbb73e9b2__880.jpg;1284886
398;File:ACS Factory Interior - Concept Art.jpg;http://vignette3.wikia.nocookie.net/assassinscreed/images/d/d0/ACS_Factory_Interior_-_Concept_Art.jpg/revision/latest/scale-to-width-down/640?cb=20151214103915;1286334
399;Star Wars: Galaxy's Edge Opening Dates Announced at Disney Share Holders Meeting;http://www.destinationswithcharacter.com/wp-content/uploads/2018/08/Ogas-Cantina.jpg;1287588
400;volcano-in-landscape-with-church;https://chilibootartlicensing.com/wp/wp-content/uploads/2015/01/AZ019-volcano-in-landscape-with-church-470x295.jpg;1291408
401;A Knitting Mill In San Francisco Becomes An Unbelievable Loft For Two Art  Collectors;https://images.dwell.com/photos/6166648977860894720/6378843652028112896/large.jpg;1292528
402;1000 stukjes puzzel For Kids, Gorgeous Scenery Home Decoration puzzel, Educatieve Intellectual Decompressing Fun Family Game (Color : D);https://m.media-amazon.com/images/I/51wbzj8utLL.jpg;1294050
403;Crouching Tiger Hidden Dragon Sword of Destiny Film Trailer;https://img.youtube.com/vi/mHgXmRSb-sU/mqdefault.jpg;1298833
404;Peter Ilsted Girl Reading 1901 by Plum leaves, via Flickr;https://i.pinimg.com/236x/a5/70/cd/a570cdc94dabe71c9f3590f21767dd5b--girl-reading-reading-books.jpg;1300496
405;Rosie Huntington Whiteley Etoile Awd;http://l1.yimg.com/bt/api/res/1.2/DEEZMUSChDE4BNtzmacixQ--/YXBwaWQ9eW5ld3M7Zmk9ZmlsbDtoPTQyMTtweG9mZj01MDtweW9mZj0wO3E9NzU7c209MTt3PTc0OQ--/http://media.zenfs.com/en_us/US/OMG/PhotoG/2085464594_1516069405.jpg;1301006
406;The Northern Light at the mountain Kirkjufell Iceland. Landscape of waterfall Kirkjufellsfoss, with green bands of Aurora Borealis. Stock fotó;https://us.123rf.com/450wm/aroxopt/aroxopt1712/aroxopt171200005/91340783-the-northern-light-at-the-mountain-kirkjufell-iceland-landscape-of-waterfall-kirkjufellsfoss-with-gr.jpg?ver=6;1304095
407;Casey Childs - Henna;http://wombart.net/wp-content/uploads/2018/09/Casey-Childs-Henna.jpg;1307700
408;In de dag Honing Awesome alpine highlands in sunny day. Scenic image of fairy-tale Landscape with colorful sky under sunlit, over the Majestic Rock Mountains. Wild area. Megical Natural Background. Creative image;https://t4.ftcdn.net/jpg/03/05/51/51/240_F_305515185_yHa5VkO2QYjl8bNcdAJrxwOastQiTGZI.jpg;1311502
409;Destination in Myanmar;https://www.asiantour-myanmar.com/media/cache/21/23/212326f57156a865e9cca00c0e0e99b1.jpg;1312275
410;Landscape Prints Framed Prints - Teton Nights Framed Print by Darren  White;http://images.fineartamerica.com/images-small-5/teton-nights-darren-white.jpg;1321909
411;Agent-Carter-sesong-1_5-990x505;https://www.ljudochbild.se/wp-content/uploads/Agent-Carter-sesong-1_5-990x505.jpg;1322643
412;At the Creek, 1891 | Ivan Shishkin| Painting Reproduction;https://www.topofart.com/images/artists/Ivan_Ivanovich_Shishkin/paintings/shishkin057.jpg;1327855
413;Portrait of beautiful young woman with makeup in fashion clothes Standard-Bild;https://us.123rf.com/450wm/forewer/forewer1710/forewer171000321/92336412-portrait-der-sch%C3%B6nen-jungen-frau-mit-make-up-in-mode-kleidung.jpg?ver=6;1327909
414;View From San Gimignano by Philip Craig;"https://imgc.allpostersimages.com/img/posters/philip-craig-view-from-san-gimignano_u-L-F5WUF00.jpg?src=gp&amp;w=300&amp;h=375";1328062
415;Enchanted autumn forest scene in Germany, Baden-Wurttemberg, Germany, Europe;https://images.robertharding.com/zoom/RF/RH_RF/SQUARE/1171-227.jpg;1334995
416;Autumn Reflection, North Lake, Eastern Sierra;https://eloquentnature.files.wordpress.com/2011/12/c6g5158northlakefallreflection_blog1.jpg?w=358&;1338886
417;Cláudia Marques and her grandfather Alfredo Teixeira welcome visitors into their men's clothing store;https://images.pixartprinting.net/img/content/lisbonretale/sign5.jpg?v=1534284390;1345630
418;evening, nature, and winter image;https://data.whicdn.com/images/124759862/superthumb.jpg?t=1404567373;1347821
419;Misty Falls 1991 Limited Edition Print - Thomas Leung;https://www.artbrokerage.com/artthumb/tleung_97287_1/360x322/Thomas_Leung_Misty_Falls_1991.jpg;1349714
420;passion for watercolour.. by Almeida Coval;http://ih3.redbubble.net/image.10229736.7029/flat,220x200,075,t.u2.jpg;1350347
421;Alice Tye Art Peinture Japon Mono No Aware;https://carnets-traverse.com/wp-content/uploads/2019/06/Alice-Tye-Mono-No-Aware-Cover-768x1097.jpg;1353377
422;Lovers Key Sunrise - Oil;https://images.fasocdn.com/7530_1026291x550.jpg;1357089
423;Art Prints of Dairy Herd with It's Young by Julien Dupre;"https://cdn11.bigcommerce.com/s-vak6ug5w2j/images/stencil/500x659/products/19107/19504/Julien_Dupre_-_Dairy_Herd_With_Its_Young_12x18_ycj2wk__14708.1486483203.jpg?c=2&amp;imbypass=on";1361094
424;Pandas in China (Photo by Ami Vitale);https://blog.photoshelter.com/wp-content/uploads/2017/05/Vitale_A_Human-Nature_PandasGoneWild01-2.jpg;1361112
425;027-Stunning-Surreal-Photography-by-Oleg-Oprisco;https://www.downgraf.com/wp-content/uploads/2014/05/027-Stunning-Surreal-Photography-by-Oleg-Oprisco.jpg;1365255
426;natures  photography contest sierra club;https://tse4.mm.bing.net/th?id=OIP.MLSr7DZku5TIwfiXr00fHAHaEo&pid=15.1;1371176
427;Plein air artwork of the Cypress Tree Tunnel at Point Reyes National Park on the Marin coast of northern California;https://secureservercdn.net/45.40.150.136/3kv.935.myftpupload.com/wp-content/uploads/2020/06/2018-9-17-The-Light-at-the-End-2000x2000px-750x750.jpg;1375658
428;Georges_Croegaert_-_Portrait_of_a_Woman_with_Diaphanous_Gown;https://croquemelpomene.files.wordpress.com/2020/02/georges_croegaert_-_portrait_of_a_woman_with_diaphanous_gown.jpg?w=770;1380107
429;Torre Scal'e Sali Pano Milkyway;https://drscdn.500px.org/photo/74935277/m%3D900/c2a74e1f23787353e63f5f9c45c75dd2;1381537
430;Guardians of the Galaxy ride coming to Disney California Adventure;https://www.mouseplanet.info/gallery/d/250421-1/GotGCover.jpg;1381829
431;The sky lights up pink and blue in a spectacular surmise at Mona Vale Tidal Pool, NSW, Australia;https://www.beckdunnphotography.com.au/wp-content/uploads/2012/07/Mona-Vale-Tidal-Pool-500x325.jpg;1383156
432;Chateau Greeting Cards - Chateau Frontenac Greeting Card by Richard T Pranke;https://render.fineartamerica.com/images/rendered/medium/greeting-card/images/artworkimages/medium/1/chateau-frontenac-richard-t-pranke.jpg;1387676
433;Via-Lattea_tre-cime-copia-copia;https://www.domiad.it/wp-content/uploads/2016/05/Via-Lattea_tre-cime-copia-copia.jpg;1390565
434;(CreativeWork) GOLD PANNING IN OAKEY CREEK 1881 (Size C) Ed. 2 of 150 by Jennifer Marshall. Print. Shop online at Bluethumb.;https://images.bluethumb.com.au/uploads/listing/218058/jennifer-marshall-gold-panning-in-oakey-creek-1881-bluethumb-9d7c.jpg?w=800&fm=png&s=99a3a81a0cecc0e68be74cba66044dc2;1391216
435;mujerthe-paintings-of-vicente-romero-redondo-lovely-women-in-hot-weather-boy-with-a-hat-1381023873_b;https://senddero.files.wordpress.com/2017/09/mujerthe-paintings-of-vicente-romero-redondo-lovely-women-in-hot-weather-boy-with-a-hat-1381023873_b.jpg?w=616;1393057
436;BBC One's 'Death Comes to Pemberley';http://i2.cdnds.net/13/49/618x375/pemberley4.jpg;1393720
437;Abandoned Milky Way;https://photos.smugmug.com/Portfolio/i-jgvWmrv/1/a5cb8097/L/DSC02080-Edit-L.jpg;1393823
438;flowers, mountains, and nature image;https://data.whicdn.com/images/217956323/superthumb.jpg?t=1452241947;1398512
439;Art Print featuring the painting Montreal Winter Fastest Transportation by Darlene Young;https://render.fineartamerica.com/images/rendered/search/print/images-medium-5/montreal-winter-fastest-transportation-darlene-young.jpg;1401449
440;Colorful cliffs in Zhangjiajie Forest Park at sunrise time.;https://us.123rf.com/450wm/serjio74/serjio741711/serjio74171100200/90856030-bunte-klippen-im-naturpark-naturpark-bei-sonnenaufgang-zeit.jpg?ver=6;1404174
441;Alex Hill, Original oil painting on canvas, Leaving Port No frame image. Click to enlarge;https://www.colombart.co.uk/Art/alex-hill-ALHI5-nf.jpg;1406538
442;The Eternal Snows of Mt. Moran by Thomas Moran;http://docesespkao57.cloudfront.net/wp-content/uploads/2010/07/1006_e_0641.jpg;1408434
443;The Witcher;https://www.apptuts.net/wp-content/uploads/2020/01/thewitcher_101.jpg;1412129
444;Glow - Northern Lights over the Mountains and Glacier of Alaska;https://www.peternestler.com/wp-content/uploads/glow_aurora_borealis_brontosaurus.jpg;1432373
445;UDK Scene Lighthouse featured - From Scratch | CryEngine Level Blockout;http://denis-armand.com/wp-content/uploads/2014/06/UDK-Scene-Lighthouse-featured.jpg;1440356
446;Snow and Sleet on New Years Eve North Molton 22 x 30 cm oil on board;https://www.hesterberry.co.uk/wp-content/uploads/2021/01/Snow-and-Sleet-on-New-Years-Eve-North-Molton-22-x-30-cm-oil-on-board-547x411.jpg;1450120
447;Portait version of Brenachoile Boathouse at Sunset;https://photos.smugmug.com/Loch-Lomond-The-Trossachs/Loch-Katrine/i-Mrq6qn2/0/a0cfa113/M/Brenachoile%20Port_MG_7068-M.jpg;1450860
448;Mind blowing morning photography (25);http://greatinspire.com/wp-content/uploads/2013/05/Mind-blowing-morning-photography-25.jpg;1459872
449;Strath Creek, Victoria - Australia 'Sunrise at Murchison Gap Lookout' Photographed by Karen Robinson May 2021 Comment: Beautiful sunrise at the lookout. Foggy mystical views of the valleys stretched across a vast landscape.;https://idoartkarenrobinson.files.wordpress.com/2021/05/strath-creek-melbourne-victoria-australia-sunrise-at-murchison-gap-lookout-photographed-by-karen-robinson-_may-24-2021_039.jpg?w=380&h=253;1462121
450;William_Orpen_Le_Chef_de_l'Hôtel_Chatham,_Paris;https://oisecambridge.files.wordpress.com/2014/02/william_orpen_le_chef_de_lhc3b4tel_chatham_paris.jpg?w=387&;1464137
451;Judy Garland The Harvey Girls MGM Publicity still.jpeg;https://upload.wikimedia.org/wikipedia/commons/thumb/4/4f/Judy_Garland_The_Harvey_Girls_MGM_Publicity_still.jpeg/970px-Judy_Garland_The_Harvey_Girls_MGM_Publicity_still.jpeg;1486380
452;Borrego Springs desert color oil painting, by modern expressionist Erin Hanson;https://www.erinhanson.com/Content/InventoryImages/495929d1-67b0-4e10-8d4a-843712802ee1.jpg;1488544
453;Water Surface「Underwater Polar Bear in Hudson Bay, Canada」:スマホ壁紙(16);http://img.kb-cdn.com/imgviewer/NVpIM2ptOHhYRzVmUk5rM1NrNlFxYVV6enV4aGk2UFRJMmxPckdDUUVNYkYvSSsxeGg2THRqSUpvYXlkWGVuOXFiWkJETklUUEVYV09kOVUweWJuRC9LTHZ4ak5DVDFlTy9VSERPY3pxTnM0TG9xL1hVZ3YwZW5laGF4WmpVWk5oK3l6STZMdUtVd1BYb0lvN2xxRlliL2RsR3kvUEViNzJsbXI3ZHUvVkJ4VXpra1FlKzdYSEF0cHQ4UTlxb1I5NlZrQ2lnaTVFSlY2THJEZjZEeTR0TWl3YmJXbWR5MVBnRTBYMWpsMVY4TmxiRzJFTUVjdmRZRWZaQ0dEL0hURg==?square=0;1491573
454;2020 Kawasaki KX 450 in Ashland, Kentucky - Photo 8;https://cdp.azureedge.net/products/USA/KA/2020/MC/MX/KX_450/50/LIME_GREEN/2000000031_480px.jpg;1499413
455;A young man stands beside an older man, who is holding a sword, a piece of armor at his feet, clearly sharing a story.;https://1pvx212tsjxq5z6yc4a59yw8-wpengine.netdna-ssl.com/wp-content/uploads/2019/10/1.jpg;1500271
456;Pisces Take A Long Time To Get Over People Its One Of Their Biggest Flaws Art Julia Alekseeva;https://i.pinimg.com/originals/f3/85/9d/f3859dcb8829e4d11d3b1cb1c2eb7ff7.jpg;1504539
457;Faroe Islands 6 Day Summer Photography Tour - day 1;https://ipt.imgix.net/194669/x/0/faroe-islands-6-day-summer-photography-tour-day-1.jpg&h=undefined;1505390
458;Athabasca Falls Canyon in Jasper National Park, Alberta, Canada;https://i.pinimg.com/736x/fc/a8/52/fca85220c7d1879b9260b2fbff18caac.jpg;1511102
459;Obraz Panorama of Mountaineer standing on top of snowy mountain range - fototapety do salonu;https://as2.ftcdn.net/jpg/02/45/10/11/500_F_245101126_VqVSnG2rAtQPTcRWAIwRZRKoS1Kz1dPN.jpg;1516669
460;"""""""Hot Rod coupe"""" original fine art by Robert LaDuke""";http://fineartimages.dailypaintworks.com/auction_91f49b16-ac54-4012-ba34-203ef0dc9c6b.jpg?imageVersion=;1518720
461;Vayne God's Avatar;https://ddragon.leagueoflegends.com/cdn/10.16.1/img/profileicon/3876.png;1520363
462;Go Soo and Wife Are Expecting First Baby in Spring;https://0.soompi.io/wp-content/uploads/2012/08/Go-Soo-still.jpg?s=7x5&e=t;1528130
463;That Wanaka Tree in New Zealand;https://i0.wp.com/leannecole.com.au/wp-content/uploads/2019/05/wanaka-sunrise-tree-newzealand-fujifilm.jpg?resize=1000%2C667&ssl=1;1531518
464;Oga's Cantina Coming to Star Wars: Galaxy's Edge;https://static.wixstatic.com/media/b65e2c_5aa2fe98d9584a2b91a1a31c45f0b746~mv2.jpg/v1/fill/w_768,h_432,al_c,q_90/b65e2c_5aa2fe98d9584a2b91a1a31c45f0b746~mv2.jpg;1532042
465;Video For Undead Horde Rises on Xbox One;https://news.xbox.com/en-us/wp-content/uploads/sites/2/uh_msblog_1920x1080-small.jpg?resize=300%2C291;1536144
466;Image result for emmeline pankhurst;https://i.dailymail.co.uk/i/pix/2018/02/06/16/05DDB271000003E8-5358767-Pinoeer_Emmeline_Pankhurst_founder_of_the_Women_s_Social_and_Pol-a-17_1517935019939.jpg;1540703
467;Rob Hefferan's Portraits of Elegance Romance & Dance;http://lava360.com/wp-content/uploads/2010/10/robhefferan-painting29.jpg;1545509
468;The beautiful surreal worlds of Erik Johansson | The brain and illusions | Scoop.it;https://img.scoop.it/vw8d68S5z27HNSix5VqG5zl72eJkfbmt4t8yenImKBVvK0kTmF0xjctABnaLJIm9;1547791
469;New York, 10 settembre, 1955. © Vivian Maier/Maloof Collection, Courtesy Howard Greenberg Gallery, New York.;https://museiincomuneroma.files.wordpress.com/2017/06/1.jpg?w=203&;1550577
470;Victoria Secret models reveal what they really eat in a day;"https://d3lp4xedbqa8a5.cloudfront.net/s3/digital-cougar-assets/nznow/2017/05/16/32429/victoria-secret-angels-ft.jpg?width=384&amp;height=216&amp;mode=crop&amp;quality=75";1564335
471;Scarlett_Johansson_beautiful_sexy_photo_wallpaper_15_medium.jpg;https://m.blog.hu/me/mediaviagra/image//Scarlett_Johansson_beautiful_sexy_photo_wallpaper_15_medium.jpg;1566282
472;Mulan's coming back next March. Watch the trailer!;https://www.collater.al/wp-content/uploads/2019/07/mulan-Collater.al--760x500.png;1568415
473;"""""""180_2017 Watercolor / Hahnemühle Anniversary Edition ca.48 x 36 cm / 18.9 x 14.2 in / Lukas Aquarell 1862 """"""""The Blue Hour II""""""""""""""";https://i2.wp.com/brushparkwatercolors.files.wordpress.com/2017/06/cw_watercolor_2017_180.jpg?w=764&;1576442
474;Rembrandt Harmenszoon van Rijn - Bust of an Old Man in a Fur Cap.JPG;https://upload.wikimedia.org/wikipedia/commons/thumb/b/b6/Rembrandt_Harmenszoon_van_Rijn_-_Bust_of_an_Old_Man_in_a_Fur_Cap.JPG/381px-Rembrandt_Harmenszoon_van_Rijn_-_Bust_of_an_Old_Man_in_a_Fur_Cap.JPG;1585011
475;French Butcher Shop Art Print by Marilyn Dunlap;https://render.fineartamerica.com/images/rendered/search/print/images/artworkimages/medium/1/french-butcher-shop-marilyn-dunlap.jpg;1585849
476;Old happy man pensively smoking a cigar photo;https://us.123rf.com/450wm/mallivan/mallivan1212/mallivan121200152/16942405-old-happy-man-pensively-smoking-a-cigar.jpg;1586255
477;Visual Development for Big Hero 6 by japanese illustrator and Coraline concept artist: Tadahiro Uesugi. (Just imagine the entire San Fransokyo in his artstyle *stars in my eyes*) Japon Illustration, Digital Illustration, Animation Background, Background Drawing, Scenery Wallpaper, Visual Development, Urban Sketching, Environment Design, Environmental Art;https://i.pinimg.com/236x/13/da/c6/13dac6df19092816a8f2275b0b8f02d5.jpg;1587204
478;painting by Alan Goodall;https://landscapeartblog.files.wordpress.com/2015/08/landscape.jpg?w=300&;1592865
479;Peggie Blizard Still-Life Painting - Wilted roses - red;https://a.1stdibscdn.com/peggie-blizard-paintings-wilted-roses-red-for-sale/a_1832/a_26446011529520325177/IMG_0946_master.jpg?width=768;1600930
480;infrared photography 25;https://www.dreamstale.com/wp-content/uploads/2014/05/25.jpg?x53765;1601557
481;planet-hd-wallpapers_115300127_310;https://www.photo2y.com/wp-content/uploads/2016/11/planet-hd-wallpapers_115300127_310.jpg;1603761
482;'Ms. Hanna' by Sheldon Saint. Watercolor on paper.;https://caribbeanpainters.files.wordpress.com/2015/11/sheldon-saint-ms-hanna-watercolor-on-paper.jpg?w=322&h=463;1614627
483;New York City Wedding in TriBeCa, SOHO (Manhattan);https://images.squarespace-cdn.com/content/57746a7bd1758e541bd9e7eb/1494170755798-8NI2VRE9DLOA2Y9OCNGI/20170502-145707-DSC_3960.jpg?format=1000w&content-type=image%2Fjpeg;1624439
484;Zhang Jingna Art + Photography · Fantasy, Fine Art, Beauty, Fashion;https://i.pinimg.com/236x/80/27/8f/80278f0bfa6cea0ffb2d19bbad3c9cfa.jpg;1628517
485;Choosing Painting - The Judgement Of Paris by Hermann Koch;https://render.fineartamerica.com/images/rendered/search/print/images-medium-5/the-judgement-of-paris-hermann-koch.jpg;1629866
486;Wallpaper Tom Clancy's The division 2 Episodes;https://www.xtrafondos.com/wallpapers/tom-clancy-s-the-division-2-episodios-4003.jpg;1631733
487;fine art limited edition titled plaza evening by charles pabst;http://25csms106dmz1i3coc3ms4n8.wpengine.netdna-cdn.com/wp-content/uploads/2013/09/Plaza-Evening-500x250.jpg;1634941
488;Sweet Memories by Michael And Inessa Garmash;https://cdn.artcld.com/img/w_2000,c_fit/i8tq3hzlmp7k2f13v74z.jpg;1637191
489;Snowy sunrise over Chinkwell Tor;https://static.wixstatic.com/media/be1a5b_99d028ed669849fb8b5384a383eb9145~mv2.jpg/v1/fit/w_980,h_297,q_90/be1a5b_99d028ed669849fb8b5384a383eb9145~mv2.jpg;1639984
490;Elowah Falls I by Tula Top;http://ih3.redbubble.net/image.10331979.6976/flat,550x550,075,f.jpg;1646292
491;Oranges Painting  - Oranges Fine Art Print;http://images.fineartamerica.com/images-medium-large/oranges-mindy-newman.jpg;1652786
492;Boats Photograph - Sunrise In Lake Placid  by Magda  Bognar;https://render.fineartamerica.com/images/rendered/search/print/images/artworkimages/medium/1/sunrise-in-lake-placid-magda-bognar.jpg;1655452
493;Fitz Roy and Cerro Torre with incredible sunrise, El Chaltén, Santa Cruz Province, Patagonia, Argentina, South America;https://images.robertharding.com/preview/RM/RH/HORIZONTAL/1306-262.jpg;1655996
494;A Magical Series Captures the Gnarled Branches of Socotra's Dragon Blood Trees;https://ic-cdn.flipboard.com/thisiscolossal.com/00d63cbe71e5422724c4e0f7bc66872a44cba20f/_medium.jpeg;1656963
495;Winter Villagers on a Snowy Street by a Canal | Charles Henri Joseph Leickert | oil painting;https://cdn2.oceansbridge.com/2017/08/23162431/Winter-Villagers-on-a-Snowy-Street-by-a-Canal-Charles-Henri-Joseph-Leickert-oil-painting-1-350x252.jpg;1660805
496;Matteo Massagrande,;https://www.e-zine.it//dati/2017/09/MASSAGRANDE-MATTEO-Lingresso-2017-100x120-cm-600x499.jpg;1664031
497;Morning Chores by Mary Timman;https://render.fineartamerica.com/images/images-new-artwork/images/artworkimages/medium/3/morning-chores-mary-timman.jpg;1667963
498;Sunset moment  by Dany Fachry - Landscapes Beaches;http://lh3.googleusercontent.com/GdP_8RnFFhdcmOk5DSpRCFhStu6bnfrToxKjQnBu10b_5WR8kZ2UQ81k3YOeZbqYDXl7UaKdX4hLbuIfI4RadVQ=s270-c;1669732
499;The Betrothal - George Percy Jacomb-Hood (british painter);https://i.pinimg.com/236x/95/cd/d6/95cdd642ffd0b8a93985ab6c4dd25f81.jpg;1670777
